,TxGrowth,AddressCount,BlockTime,AvgGasPrice,NetworkHash,TransactionFee,BlockReward,count,likes_avg,retweets_avg,sentiment_avg,PriceChange
2019-01-01,0.3313450411216104,0.5924123116550954,0.1050516647531573,0.007519246847457179,0.5907343673075727,0.05074801654768608,0.3204621436531446,79.0,69.82278481012658,28.354430379746837,0.23973037974683545,1
2019-01-02,0.4364874855494116,0.5930753235748467,0.09644087256027555,0.006647911595285249,0.6111164826995282,0.0582250900446333,0.33584589814171006,137.0,65.62773722627738,78.12408759124088,0.26503357664233584,1
2019-01-03,0.4414268245930292,0.5938345906043028,0.1486796785304248,0.0057653086570516295,0.6124357050454048,0.055068105349358645,0.2906447342102506,157.0,122.44585987261145,50.05732484076433,0.3268350318471337,0
2019-01-04,0.4064102402486799,0.5945720152120624,0.15327210103329508,0.007376061560899654,0.609514190803494,0.060579794692249805,0.286783615426378,137.0,68.95620437956204,1200.5109489051097,0.1913554744525548,1
2019-01-05,0.3780770762316276,0.595331456893566,0.1423650975889781,0.018020068120909595,0.6266475163121394,0.08348534461933005,0.29413081370429284,102.0,161.66666666666666,76.13725490196079,0.2988833333333333,1
2019-01-06,0.36041602864089944,0.5961706490662813,0.14810562571756603,0.006567711699403537,0.6324554162855539,0.05023235518895611,0.2857477926258941,89.0,53.66292134831461,223.11235955056182,0.23141235955056175,1
2019-01-07,0.4075714780421501,0.5969576421082855,0.1446613088404133,0.009017192292997415,0.6429761374191629,0.05649270341956931,0.2947737382011449,160.0,65.825,86.3125,0.3218049999999999,0
2019-01-08,0.4093533774148889,0.5978215475457288,0.15154994259471866,0.006820299446721041,0.6250031040759436,0.052497766333901415,0.28472625703645144,173.0,80.35260115606937,186.2601156069364,0.2174809248554913,0
2019-01-09,0.41341696816087664,0.5986285819101893,0.14408725602755454,0.006656066337272541,0.6426824924011313,0.05016041508436566,0.2940450904380459,159.0,64.13836477987421,369.13207547169816,0.241806289308176,1
2019-01-10,0.43120778370425955,0.5993988629343939,0.15097588978185988,0.008628711931063873,0.6293812605595522,0.06141410855622174,0.287351532065264,162.0,87.6358024691358,432.82098765432096,0.28855617283950624,0
2019-01-11,0.40080426469399605,0.6003279463328315,0.15097588978185988,0.006769484669518892,0.6311192878623265,0.055613974151372154,0.2854763356161122,117.0,106.37606837606836,78.32478632478633,0.2568735042735043,0
2019-01-12,0.3347108510478948,0.6011496187220271,0.1549942594718714,0.005215206284582717,0.6118576521484431,0.04124955433008042,0.28178666336473346,88.0,61.98863636363637,49.76136363636363,0.19030113636363635,0
2019-01-13,0.35594830341378697,0.6020101730233081,0.13145809414466128,0.0053403777836524904,0.6168498321149377,0.0444946547394984,0.291476964253398,59.0,58.0,2850.5254237288136,0.21892372881355932,0
2019-01-14,0.42705520921930856,0.6025714610411155,0.1308840413318025,0.012720596213103653,0.6248740082537998,0.08577143200844321,0.29352717903780395,104.0,84.55769230769229,239.6826923076923,0.1801346153846154,1
2019-01-15,0.3993642111851077,0.6031860834279429,0.13432835820895522,0.01188841602945169,0.6376000484297203,0.07123474581457763,0.290155397232091,140.0,115.79285714285713,112.39285714285714,0.29962214285714284,0
2019-01-16,0.3754802341162172,0.603951113974968,0.15154994259471866,0.014276120699438654,0.6065728889700988,0.07283726684167578,0.27809341931059445,202.0,81.10891089108911,75.17326732673267,0.19196881188118808,1
2019-01-17,0.38244691934588054,0.6046032865520183,0.1446613088404133,0.006777527288123969,0.6003909732624076,0.055354177578206584,0.28201525874139194,146.0,84.26712328767123,920.1232876712328,0.2538006849315069,1
2019-01-18,0.3986249046205548,0.6052930420665502,0.13719862227324908,0.00758367266892161,0.6005713292062278,0.06217289918681126,0.285190591395289,186.0,62.8763440860215,24.79032258064516,0.2681715053763441,0
2019-01-19,0.3987924906622689,0.605892087673887,0.12514351320321468,0.0054778017375013656,0.6233862707425591,0.0555984128934786,0.293552181657126,96.0,70.88541666666667,224.59375,0.12604791666666668,1
2019-01-20,0.3977395164178706,0.6065873556436697,0.13777267508610785,0.005435312122233086,0.6235450660374534,0.05150191915567106,0.2842047738334492,71.0,91.61971830985917,436.8169014084507,0.1713211267605634,0
2019-01-21,0.4311425289623532,0.6071622010266681,0.22560275545350172,0.006700786012803777,0.601890631331238,0.05976766216757026,0.22236615264456278,130.0,75.29230769230769,757.5846153846153,0.22024384615384607,0
2019-01-22,0.4480546300834742,0.6076620661025034,0.23076923076923078,0.012057453043752714,0.6082370519506367,0.08211062668068508,0.22021949918562897,153.0,85.90849673202614,49.986928104575156,0.2833986928104575,1
2019-01-23,0.39485792633777783,0.6083183975814359,0.24454649827784147,0.0064232667016214575,0.5692321451035811,0.05783924386344305,0.20788249245159016,201.0,78.96517412935324,238.6218905472637,0.2781771144278607,0
2019-01-24,0.3847071063155467,0.6089011241380798,0.22617680826636039,0.007587372040092029,0.5922292044856171,0.059684817873523484,0.21995518578136758,160.0,50.51875,103.775,0.21143250000000005,1
2019-01-25,0.37341581137227015,0.6095604901963385,0.22388059701492533,0.007011790096960036,0.5933563044795963,0.05452379843389117,0.2200409090476145,155.0,65.06451612903226,124.35483870967742,0.22169483870967732,0
2019-01-26,0.3433667442555435,0.610619820359235,0.23478760045924227,0.005680782429478618,0.5777167553569549,0.04556470798875984,0.21716203602282144,127.0,188.97637795275588,78.15748031496064,0.2866393700787401,1
2019-01-27,0.3614853165707743,0.6113430654038843,0.23880597014925375,0.004792529048367207,0.5697961612676272,0.045199359535039355,0.21112926116069303,90.0,63.28888888888889,647.8444444444443,0.3367944444444445,0
2019-01-28,0.4206224264234247,0.612014766263001,0.26578645235361653,0.00846666858872782,0.5269767547568603,0.06276872849288194,0.19476683271580833,160.0,122.65625,66.325,0.20500749999999998,0
2019-01-29,0.4187404203443522,0.612638066673441,0.266934557979334,0.005490195773941682,0.49620364282118806,0.05516208658570761,0.19655987770147348,160.0,56.4375,832.425,0.18594062500000005,0
2019-01-30,0.4108216091077823,0.6133669224151178,0.25315729047072333,0.006147675570651327,0.49086685722478407,0.05898921454323407,0.20004952899827602,124.0,35.41935483870968,369.0725806451613,0.18499758064516125,1
2019-01-31,0.38242838106692983,0.6138793515226236,0.25487944890929953,0.007389798867187978,0.5068460156400643,0.06571234918932828,0.20378563468553848,148.0,71.75675675675676,329.89864864864865,0.2945756756756757,0
2019-02-01,0.3689317724596811,0.6144696863590889,0.2743972445464984,0.0063435236477296375,0.4834774921038408,0.06027827516658464,0.19034494089857032,208.0,72.91346153846153,86.66826923076924,0.20508413461538455,1
2019-02-02,0.33293636698673623,0.6151808694967045,0.25947187141216993,0.0050198768300367515,0.48320778893904726,0.04804127218873987,0.20219261065444952,88.0,197.88636363636363,39.63636363636363,0.21790568181818173,1
2019-02-03,0.3137040148721489,0.6158330857367665,0.27497129735935705,0.004630386855661517,0.4700735770801699,0.04237804607402863,0.18750535770414042,123.0,77.27642276422766,223.47154471544715,0.12583089430894304,0
2019-02-04,0.30778363010646165,0.616479363807212,0.2583237657864524,0.005107432145935729,0.4765206982349694,0.044629353982869914,0.19392745906714037,109.0,42.899082568807344,402.6605504587156,0.30463119266055044,0
2019-02-05,0.30661275240793706,0.61718996840992,0.266934557979334,0.005655580685687543,0.47833129006858605,0.04512791903407675,0.1948454123765347,164.0,200.6829268292683,178.91463414634148,0.2273823170731707,1
2019-02-06,0.3171795714098213,0.6178105507978701,0.2675086107921929,0.005655527806022604,0.4710345167454176,0.047490160145187775,0.19040923334825552,247.0,121.18623481781376,435.5384615384616,0.2007781376518219,0
2019-02-07,0.3168911157893488,0.6183456846715571,0.26119402985074636,0.007226108812097217,0.47108436822450883,0.050759446013355754,0.19407747478307252,229.0,51.860262008733635,55.855895196506545,0.25891266375545857,0
2019-02-08,0.34898161818412365,0.6188198213176381,0.2606199770378875,0.006425338992811467,0.4812859667385248,0.05497158962837551,0.19684562192229663,226.0,63.840707964601776,300.1327433628318,0.17344778761061946,1
2019-02-09,0.30832865550761146,0.6192660900463822,0.2640642939150401,0.005438629641682093,0.4768753164842036,0.04896448846850739,0.19211298326491347,131.0,65.23664122137403,132.17557251908397,0.26739007633587786,0
2019-02-10,0.28164984750411737,0.6196214414686246,0.4081515499425947,0.005927873380784448,0.490295461490872,0.04585719466369928,0.11680152206421625,103.0,44.03883495145631,323.873786407767,0.18972912621359225,1
2019-02-11,0.3171365626026557,0.620031655465303,0.43570608495981633,0.007140765352461163,0.4805014123149606,0.053903320409575406,0.10768628141995829,164.0,64.85365853658537,66.51219512195122,0.2179439024390243,0
2019-02-12,0.3238874622653332,0.6205910768893523,0.41504018369690016,0.006105313623657637,0.49844709155674094,0.0531299312454092,0.116551495870996,251.0,74.33864541832668,38.964143426294825,0.24682151394422305,1
2019-02-13,0.3633688057121628,0.6210936054089128,0.43570608495981633,0.0068569799618816065,0.4815316658493998,0.059932099247502965,0.10488241625313129,140.0,42.878571428571426,191.67142857142858,0.21853642857142855,0
2019-02-14,0.35108015136133996,0.621607442648552,0.44374282433983936,0.012686943458324204,0.4740850578478481,0.06658436809907851,0.10577179514044328,214.0,69.11214953271029,292.4906542056075,0.31628177570093463,0
2019-02-15,0.34649526421125926,0.6221027231081393,0.44718714121699193,0.007972749640649441,0.4727385385305054,0.06877816059470497,0.10512887064359124,158.0,54.22784810126582,507.72151898734177,0.20712215189873406,1
2019-02-16,0.33589878396305395,0.6226331195450366,0.43053960964408733,0.006639057398572947,0.48646903450862755,0.06059756853979122,0.11341545304746212,111.0,48.5045045045045,75.49549549549548,0.313090990990991,1
2019-02-17,0.33117967967337036,0.6231370234494716,0.45177956371986233,0.0069049270657794825,0.4747035192140689,0.06026074568777338,0.10228571564640106,80.0,75.275,41.925,0.18654375000000006,1
2019-02-18,0.3790158546776898,0.6237167372582954,0.43513203214695745,0.010483790437607297,0.4891431063303734,0.08299006917905052,0.11403694672775243,129.0,54.689922480620154,92.17054263565892,0.3121953488372094,1
2019-02-19,0.394697014076486,0.6242749252022588,0.40757749712973584,0.393218944546049,0.5204860035432083,0.7631547409465036,0.1229878844450371,141.0,64.48936170212765,44.1063829787234,0.2096432624113475,0
2019-02-20,0.39222474919562406,0.624787212404976,0.4167623421354764,0.009415725219967927,0.5166587916154198,0.07845746561343887,0.11858742344436084,179.0,96.72067039106145,91.65921787709496,0.273049720670391,1
2019-02-21,0.40301328601375835,0.6252682478069351,0.4207807118254879,0.008566270861549407,0.5136168416439362,0.07587779098804744,0.11563354256160169,280.0,44.60714285714285,57.275,0.24966857142857146,0
2019-02-22,0.3926481634868575,0.6257742366201877,0.4242250287026407,0.008144376697678299,0.5070182459438995,0.07187355886318494,0.1138190667593748,187.0,41.422459893048135,1192.5561497326205,0.117496256684492,1
2019-02-23,0.35215018082237287,0.6262702047722122,0.39437428243398404,0.007206521209376547,0.5405497082429248,0.06487482033361454,0.12753121755612493,148.0,79.95270270270271,168.96621621621622,0.1992966216216216,1
2019-02-24,0.3995903781883059,0.6267451382682601,0.41504018369690016,0.009580031059604296,0.5275732521838735,0.07851703304370265,0.11633718770537865,168.0,120.3095238095238,89.2857142857143,0.23554107142857145,0
2019-02-25,0.4244724561959007,0.6272887209347474,0.41963260619977033,0.010405048344135236,0.5206313540257934,0.08846171691026633,0.1168515273028603,238.0,26.31512605042017,151.38235294117646,0.20458445378151266,1
2019-02-26,0.40976715180106793,0.6278970340163571,0.4133180252583238,0.010828607426906394,0.5284721994056811,0.08873356339761257,0.12253069369172008,194.0,37.927835051546396,29.77835051546392,0.17705824742268042,0
2019-02-27,0.39908242934505744,0.6285064823362759,0.4104477611940298,0.009668807941029329,0.5275150228816038,0.08059641104257953,0.12217708521845146,179.0,31.776536312849164,29.6536312849162,0.24335474860335196,0
2019-02-28,0.4005224828539458,0.6290862943868764,0.3857634902411022,0.012350501984525274,0.5327424062702332,0.09213463903969346,0.10097129223061464,265.0,69.84528301886793,24.433962264150942,0.23395509433962264,1
2019-03-01,0.405093280912024,0.6297909062412029,0.08094144661308843,0.006064113200418633,0.5172202281414611,0.06609959380981553,0.09772452352151177,236.0,43.74152542372882,151.10593220338984,0.2715360169491525,0
2019-03-02,0.38973617062928556,0.6307673967547969,0.026406429391503967,0.005184247683192775,0.5170890942328894,0.06016569777346655,0.1269466325043576,170.0,73.62352941176471,99.11176470588236,0.2511723529411765,0
2019-03-03,0.36413109974261454,0.6319912709779896,0.030424799081515467,0.005085644421779805,0.5119244987127067,0.055670954482300215,0.12544409414319596,169.0,67.27810650887574,94.20118343195264,0.2792431952662722,0
2019-03-04,0.4589202861420433,0.6328382242510677,0.029850746268656695,0.005733784900354287,0.508299566778379,0.07223488673232027,0.12722761432150034,164.0,54.823170731707314,151.75609756097558,0.23422804878048775,0
2019-03-05,0.44251316773953864,0.6336742399396682,0.0258323765786452,0.00662492340147674,0.5161686887904506,0.07246945886333542,0.13137566792711616,181.0,87.95027624309392,87.13259668508287,0.2655801104972375,1
2019-03-06,0.4283106214698482,0.634493096064597,0.029276693455797923,0.00721389759654888,0.511278807646408,0.06980764214262009,0.12424873081941917,266.0,35.71052631578947,271.5112781954887,0.21248571428571425,1
2019-03-07,0.4236782763256538,0.6353743902965243,0.024684270952927655,0.006886629043388602,0.5130940270078255,0.06927010576619899,0.1282943927459067,256.0,63.51171875,665.35546875,0.306208203125,0
2019-03-08,0.4160227086501834,0.636216518806789,0.029850746268656695,0.006606225058419035,0.5184408820154799,0.06838864815407215,0.1263513320443094,252.0,37.392857142857146,40.48015873015873,0.2911519841269841,0
2019-03-09,0.411197565404902,0.6371517696056557,0.030998851894374235,0.004973260930781983,0.5021854714474532,0.06076379151868224,0.12290335177971025,153.0,83.84313725490195,455.9673202614379,0.23883986928104575,1
2019-03-10,0.35794376376003756,0.6380530505812743,0.014925373134328348,0.005133077949979356,0.514484961667612,0.05272491217387706,0.1348712722285192,118.0,40.01694915254237,307.135593220339,0.25101610169491523,0
2019-03-11,0.39678071663054176,0.6390011819686475,0.028128587830080383,0.005538924111656113,0.5023771215474446,0.05880530573085563,0.12228662050310032,160.0,68.2375,70.2,0.188606875,0
2019-03-12,0.41746498675254584,0.640127371118496,0.01664753157290466,0.005274667432982904,0.49986283380858476,0.059934389988839,0.1278086275705074,208.0,55.721153846153854,61.52403846153846,0.17028509615384613,1
2019-03-13,0.42412022889583784,0.641077958550288,0.024110218140068886,0.004702366618462303,0.4947490504975694,0.05831679491952334,0.12508691386716703,219.0,115.8812785388128,502.28767123287673,0.201837899543379,0
2019-03-14,0.4245258464392786,0.6421188520064153,0.020091848450057386,0.004002975323734883,0.49858300511434306,0.054205840458442615,0.12643943651239653,195.0,85.86153846153846,30.96923076923077,0.1936107692307692,0
2019-03-15,0.40909013385378934,0.6429376972155911,0.024110218140068886,0.003963826367193716,0.49786575689778856,0.055688164083047914,0.12391536256179218,191.0,44.37696335078534,42.13612565445026,0.2565439790575916,1
2019-03-16,0.3728819089384907,0.643942055646522,0.012629161882893163,0.0032852085202837522,0.5171359279648348,0.0456825824470678,0.13376401337282953,134.0,61.708955223880594,215.955223880597,0.19302089552238813,1
2019-03-17,0.36597751232610165,0.645124450008422,0.0258323765786452,0.00778390778879828,0.5097176280338546,0.05210213939601005,0.12443684576479441,102.0,51.264705882352935,579.4901960784314,0.240906862745098,0
2019-03-18,0.4246088979289776,0.64589070311978,0.0258323765786452,0.20225798744578882,0.502108375056161,0.43976861894060115,0.12099600910571584,181.0,43.0,178.08839779005524,0.20108176795580107,0
2019-03-19,0.47058382972664936,0.6467061644455347,0.021814006888633698,0.006216223830639981,0.4872569055130418,0.07282077977257294,0.12634180723694863,227.0,57.65638766519824,25.59030837004405,0.17136431718061673,1
2019-03-20,0.46641123390043165,0.6475484021133291,0.014925373134328348,0.005211458538891436,0.5074572171051197,0.0657498009348053,0.13149472801912582,273.0,157.84981684981685,143.0732600732601,0.21195164835164831,1
2019-03-21,0.45751656765989823,0.6482135426049097,0.029276693455797923,0.007062451796874999,0.5002235328504322,0.09570039779597418,0.12488451171075066,240.0,257.2583333333333,250.40833333333333,0.23535875,0
2019-03-22,0.4652151441425342,0.6489488823038517,0.0258323765786452,0.005646170452293983,0.4958866901264218,0.07785691571882088,0.12593224052043547,247.0,421.17004048583,347.75303643724703,0.24880445344129554,1
2019-03-23,0.4155903959850537,0.6496966987084405,0.02123995407577493,0.003940143013564217,0.4980613269928403,0.05864674825233978,0.12997075884140244,242.0,32.13223140495868,23.446280991735534,0.24665371900826435,1
2019-03-24,0.4061692426223211,0.6506817471723643,0.02238805970149247,0.003950484174912846,0.4973562464463614,0.058365364178692994,0.12658945222832868,141.0,61.85106382978724,19.78014184397163,0.22130851063829787,0
2019-03-25,0.4800235213683326,0.651610372109177,0.022962112514351242,0.005608392709293294,0.49667760118909554,0.07389998889879865,0.1267466115497814,158.0,57.753164556962034,110.95569620253164,0.2676303797468354,0
2019-03-26,0.4654450188015225,0.652520003635819,0.030424799081515467,0.006155976727675838,0.4814295789825277,0.07692604745283081,0.12379154006610216,176.0,50.34659090909091,116.3806818181818,0.2366630681818181,1
2019-03-27,0.4631744503956439,0.6533940170605141,0.0177956371986222,0.006732129553011478,0.4784117689599277,0.08470668335905208,0.13073512463210432,174.0,43.83333333333334,85.09770114942529,0.1432994252873563,1
2019-03-28,0.46941740121507297,0.6543856804707388,0.028128587830080383,0.005230701647188978,0.4777536303204908,0.0731654855451125,0.12548933697815962,182.0,93.7967032967033,60.57142857142857,0.2574467032967033,0
2019-03-29,0.47385546519586436,0.6552324154287575,0.028128587830080383,0.005637254677770712,0.4796642347635037,0.08249497718229269,0.12322481402813629,208.0,76.35096153846153,55.02403846153846,0.2497653846153845,1
2019-03-30,0.49433284812477896,0.655985722457091,0.028128587830080383,0.0033175554762147333,0.46212751079803566,0.0644789952437985,0.12522026117021784,136.0,62.41911764705882,94.66176470588236,0.2454352941176471,0
2019-03-31,0.47821418534274684,0.6566182139315332,0.022962112514351242,0.003472979739661994,0.4654867778791419,0.06589348690011587,0.1278062463686672,124.0,171.08064516129033,70.53225806451613,0.18937580645161287,0
2019-04-01,0.5088720495402136,0.6574198122510138,0.019517795637198618,0.005612303866214152,0.49002477089027546,0.08269277434209105,0.1292302050691025,133.0,46.81203007518797,177.45864661654136,0.2583210526315789,0
2019-04-02,0.5617625009176448,0.6583273152058262,0.024110218140068886,0.007012053533114673,0.48455362235866856,0.09534402562024956,0.12630608920934575,225.0,96.05333333333333,103.11555555555556,0.2539213333333334,1
2019-04-03,0.5526453753297033,0.6591442501582321,0.030424799081515467,0.010150359104785525,0.48004278371041914,0.11284146815190611,0.12372010401089638,214.0,229.96261682242994,63.89719626168225,0.2202644859813084,0
2019-04-04,0.4984505706453027,0.6598858336678739,0.022962112514351242,0.006863061018229532,0.49551890629184636,0.0852879716666436,0.1305493908885693,190.0,73.8,88.05263157894737,0.21211421052631574,0
2019-04-05,0.4601905290157434,0.660743266063805,0.018369690011481074,0.004852252470165799,0.49138175986672566,0.06621313671375136,0.12709664822028974,169.0,50.73372781065089,80.22485207100591,0.2303100591715977,1
2019-04-06,0.4135593421432178,0.661797771463888,0.020665901262916158,0.0036885135597340937,0.49533459485801246,0.057813763527092034,0.12588699768547182,79.0,56.96202531645571,27.481012658227854,0.2689987341772153,0
2019-04-07,0.4238273240884172,0.662814399201159,0.013777267508610806,0.004303553831941683,0.492380425934933,0.059241941343180386,0.12847298288392117,122.0,209.54918032786884,363.9016393442623,0.23810819672131145,1
2019-04-08,0.4943573186529938,0.6637181907999611,0.018943742824339846,0.005596299326860963,0.49517925575745203,0.07588123084161469,0.1300755317223709,159.0,52.87421383647799,138.88050314465409,0.3205119496855345,1
2019-04-09,0.4861367042351069,0.6646201158050049,0.01722158438576343,0.005062210021339386,0.49908877372157195,0.0669014987075585,0.12679899799026564,167.0,90.71257485029942,74.66467065868264,0.2331335329341317,0
2019-04-10,0.4988584127822175,0.6656603543159539,0.01664753157290466,0.008514107440505956,0.5102737585714113,0.0917226555433239,0.1305446284848889,265.0,39.24150943396226,344.84528301886786,0.2688283018867923,1
2019-04-11,0.5396144482896955,0.6664978327154526,0.024110218140068886,0.005555045132582085,0.5081628540772513,0.0782460527962602,0.12423682481021821,266.0,35.665413533834595,401.9849624060151,0.2554045112781955,0
2019-04-12,0.5142251629700103,0.667232986846594,0.02238805970149247,0.004669190168967816,0.5046114210361619,0.06814158464570674,0.12501785901380144,182.0,83.32967032967035,278.83516483516485,0.22098021978021984,0
2019-04-13,0.45453042168652363,0.6681141391737327,0.010907003444316849,0.0035742695118093407,0.5138176592453109,0.05579420799831587,0.12934926516111211,157.0,73.43312101910828,31.834394904458605,0.2484541401273885,0
2019-04-14,0.4076389573775306,0.6689922787530512,0.02123995407577493,0.0032910995582357064,0.5199204807028959,0.05204818629723003,0.1269823505319605,116.0,83.9396551724138,57.02586206896552,0.19369482758620687,1
2019-04-15,0.46028989419091904,0.6700324626852353,0.015499425947187118,0.0035360604978020124,0.5215783123978626,0.05956351791961688,0.1297112078408214,175.0,136.41142857142856,163.83428571428573,0.2421731428571429,0
2019-04-16,0.4858007906205207,0.6709154051958613,0.018369690011481074,0.0037157234747157647,0.5127687096737206,0.06955386053863305,0.12781100877234758,197.0,62.548223350253814,52.50253807106599,0.23635228426395946,1
2019-04-17,0.5046616356249365,0.6720627054119572,0.023536165327210114,0.004239117551034419,0.5000319037093658,0.07299421383827648,0.12455828705864423,194.0,88.95876288659794,596.0103092783505,0.22705360824742266,1
2019-04-18,0.5163437174884933,0.6732693218297016,0.021814006888633698,0.004947661024502627,0.49859582622961135,0.07596871973908098,0.12547266856527828,216.0,44.305555555555564,107.11574074074076,0.2405203703703704,1
2019-04-19,0.5130312978055869,0.674388230172318,0.01722158438576343,0.0039858896677949125,0.5095950098717095,0.06266407733294799,0.12937307717951405,197.0,77.68020304568526,54.50761421319797,0.1876299492385787,0
2019-04-20,0.5083159011716933,0.6754979474509321,0.025258323765786427,0.0017891054523414406,0.5048269220547009,0.04879942716714819,0.12602986979588338,133.0,89.09774436090225,855.7593984962407,0.1415556390977444,0
2019-04-21,0.4670615567260213,0.6765672436962918,0.01607347876004589,0.002342809068579494,0.5087136022276616,0.052182443828130844,0.13019459181438056,91.0,92.46153846153848,754.3846153846154,0.18148791208791207,0
2019-04-22,0.5324023162467252,0.677897579258218,0.019517795637198618,0.003674016135883098,0.5142231535946287,0.06053205207703357,0.1275728885883283,147.0,87.2857142857143,175.80952380952382,0.2562421768707483,1
2019-04-23,0.5397894496429898,0.679252715410896,0.03559127439724451,0.004188007871391556,0.5084103103573504,0.06559536134912053,0.12326053205573917,178.0,143.7921348314607,48.16292134831461,0.2309825842696629,0
2019-04-24,0.49503730272490454,0.6806096635785674,0.021814006888633698,0.005171076107154048,0.49865508116701507,0.06199659112140529,0.1255988722628085,166.0,68.36144578313252,111.42168674698796,0.2519421686746988,0
2019-04-25,0.5038578158496353,0.6816239444289496,0.014351320321469577,0.0034403310002190483,0.5001478048741111,0.05345347426720658,0.12876587071026488,226.0,77.45575221238937,337.50442477876106,0.19911194690265488,0
2019-04-26,0.4892118339474447,0.6827742464771126,0.015499425947187118,0.005121768767250097,0.5031452468782245,0.06869614640844876,0.13152092123936793,246.0,73.5691056910569,25.04878048780488,0.21825081300813004,1
2019-04-27,0.4162644478077002,0.6836386322076867,0.013777267508610806,0.0024802874638765885,0.5120540850413038,0.04413377887544912,0.12894684205011953,113.0,78.06194690265488,19.02654867256637,0.12245221238938052,1
2019-04-28,0.43909989981914055,0.684475848629114,0.019517795637198618,0.002229522633007245,0.5069710237957482,0.04625519314234853,0.12553457981312327,70.0,65.24285714285715,168.81428571428572,0.1396442857142857,0
2019-04-29,0.4654294466472039,0.6853337613181758,0.018369690011481074,0.0032561919931848675,0.5151974795900239,0.05172850979422171,0.12864204821457487,108.0,78.53703703703705,55.675925925925924,0.20028148148148156,0
2019-04-30,0.5238487543388842,0.6861572784696237,0.020091848450057386,0.00300227252420534,0.5203643413784788,0.05588329705309134,0.127408585661355,159.0,48.24528301886792,162.0,0.17402515723270434,1
2019-05-01,0.5208967187987789,0.687120877478958,0.013203214695751933,0.002644855628398722,0.5193338961712903,0.05831322755263152,0.12894684205011953,171.0,58.877192982456144,258.40935672514615,0.25196959064327473,0
2019-05-02,0.46344140161253367,0.6879807331720487,0.018369690011481074,0.035568745095076834,0.5144990379520471,0.1321065485441603,0.1272490451380621,218.0,81.12844036697248,33.76146788990825,0.2385298165137615,0
2019-05-03,0.49649441145042755,0.688828406884823,0.028128587830080383,0.003943462223514905,0.5058497497068112,0.0634670866221699,0.121072207564602,217.0,89.17511520737325,292.4562211981567,0.1966543778801844,1
2019-05-04,0.46128132134920113,0.6896304309186695,0.006888633754305352,0.0029733175459557832,0.5314818902111926,0.052429543314044424,0.13428549657583175,138.0,93.97826086956522,62.06521739130435,0.2114963768115942,0
2019-05-05,0.4717139232114825,0.6905049464680013,0.021814006888633698,0.002550148268630641,0.5279968273244809,0.054110972600921924,0.12689900846755375,93.0,85.91397849462366,94.53763440860214,0.16256021505376347,1
2019-05-06,0.522635609364352,0.6913714935176637,0.02698048220436274,0.003506582440145434,0.5147666087152504,0.06644285059444453,0.12432492927830535,115.0,91.66956521739132,65.02608695652174,0.19529478260869565,1
2019-05-07,0.4870502706217961,0.6922295481115142,0.022962112514351242,0.0056437786208884235,0.5245589625845711,0.0791911584534643,0.12637276286087115,169.0,100.76331360946745,37.87573964497041,0.20948343195266275,0
2019-05-08,0.508443444530874,0.6930716438745199,0.02698048220436274,0.003933834103118642,0.5192921909530616,0.06669123239518947,0.12459400508624713,216.0,109.97685185185185,46.069444444444436,0.11499351851851855,1
2019-05-09,0.5317601502638739,0.6939343704106422,0.024110218140068886,0.003556611390429377,0.521201184939325,0.0647948860702476,0.12594652773147663,227.0,110.74008810572687,49.46255506607929,0.2523092511013216,0
2019-05-10,0.5453464841412439,0.6950340124492634,0.014925373134328348,0.004362521677791896,0.5227919342145131,0.07218385972567913,0.13046843002600272,251.0,83.54581673306772,164.08764940239044,0.20671912350597613,1
2019-05-11,0.5494805203472443,0.6960606171847507,0.01722158438576343,0.00384471563308841,0.5237755423092844,0.06130104648555497,0.12527979121622265,211.0,122.40284360189574,58.65876777251185,0.21301753554502373,1
2019-05-12,0.5298225293479494,0.6969589509070668,0.013203214695751933,0.003769796787231758,0.5330450348919838,0.0611098417999008,0.12893493604091857,140.0,184.7142857142857,142.61428571428573,0.21701142857142852,0
2019-05-13,0.5616104870302493,0.6980671727275239,0.018943742824339846,0.006831497394225062,0.5261542325646522,0.07920639849523356,0.12381535208450409,261.0,105.08429118773948,98.88122605363985,0.1765911877394636,1
2019-05-14,0.6150674682124131,0.6993015042420635,0.010907003444316849,0.006455262704683478,0.5436260166533472,0.08940352376151038,0.13009696253893266,222.0,160.49099099099095,86.00450450450451,0.19941621621621625,1
2019-05-15,0.6275407638215846,0.7006082181145589,0.008610792192881665,0.009605273489137006,0.5506241476070719,0.1119642557840827,0.13098753202716476,218.0,88.11009174311926,50.84403669724772,0.3020770642201835,1
2019-05-16,0.6724790350603347,0.7019238174099732,0.02755453501722151,0.014679126269090311,0.5453266694602728,0.15398749150083837,0.12471544638009696,190.0,149.5263157894737,203.6157894736842,0.1985557894736842,1
2019-05-17,0.5998920330633912,0.7030771103744506,0.010332950631458079,0.011683500458542065,0.577499553285023,0.12549101104621163,0.13256388764537239,177.0,61.310734463276845,37.56497175141243,0.23668644067796604,0
2019-05-18,0.5443513493271717,0.7041626274287264,0.01722158438576343,0.007925246691397613,0.5801427150870789,0.09417279725407555,0.12445113297583556,142.0,104.11971830985917,35.556338028169016,0.2433704225352113,0
2019-05-19,0.5569655358563684,0.7052829329877232,0.020091848450057386,0.007214350074984938,0.5683767829803514,0.08130695829311886,0.1251631123260532,98.0,289.64285714285717,118.1938775510204,0.267,1
2019-05-20,0.6368506875106131,0.7062861889276038,0.024684270952927655,0.00879928986661013,0.5592847891667352,0.09598391299423345,0.1219032470068293,201.0,179.4179104477612,59.35323383084579,0.18255671641791044,0
2019-05-21,0.6017302888041401,0.7075891914440887,0.02238805970149247,0.006038219595215625,0.5509538527935296,0.07851270004222677,0.12231995732886303,199.0,82.8391959798995,114.29145728643215,0.2821256281407036,1
2019-05-22,0.6466559540132037,0.7086300958159689,0.018369690011481074,0.009781191441681032,0.5572717067362668,0.10848049654656101,0.1278395831944299,159.0,102.33962264150944,76.56603773584905,0.21601949685534594,0
2019-05-23,0.6268867333402048,0.7097775270211005,0.028128587830080383,0.00766781611692806,0.5487350165968132,0.09339465893374639,0.1230867043214051,226.0,110.14601769911505,532.9380530973451,0.260170796460177,1
2019-05-24,0.6694009392233647,0.7109693962565801,0.018369690011481074,0.008301468498372442,0.539542991919253,0.10091362625450864,0.12553934221680366,195.0,77.8923076923077,451.1282051282051,0.16379333333333332,1
2019-05-25,0.6218628597445722,0.7121069705367781,0.008610792192881665,0.00516644107226401,0.5480773606887446,0.07496931215887614,0.131966205983484,151.0,115.85430463576158,25.25827814569536,0.2249033112582781,1
2019-05-26,0.5648724825944099,0.7131039062556881,0.01664753157290466,0.003726897517067186,0.5440443649085094,0.06045375785631351,0.12755383897360675,163.0,113.04907975460121,29.66871165644172,0.21939509202453988,1
2019-05-27,0.6973388671331886,0.7142834406903096,0.018369690011481074,0.007926136647212603,0.5601650491406184,0.10427331843245495,0.12495832896779663,182.0,162.9945054945055,349.5879120879121,0.10482087912087916,1
2019-05-28,0.6742045780650634,0.7155728640100977,0.024110218140068886,0.008366014590021294,0.5451750133837019,0.10121743780788417,0.12210564916324568,177.0,111.61016949152544,248.2372881355932,0.2260638418079096,0
2019-05-29,0.7016219511019524,0.7169110479984105,0.0040183696900114975,0.009963750879769716,0.5794184716602983,0.11267575595745731,0.1347926925677928,194.0,49.04639175257732,27.804123711340214,0.17514020618556694,0
2019-05-30,0.6603913356533372,0.7180096748720054,0.029850746268656695,0.010771592484855479,0.5676679190098718,0.11743781859426153,0.11768375734600768,204.0,69.78431372549021,30.049019607843142,0.23300343137254897,0
2019-05-31,0.6446478876372667,0.7195100123707137,0.011481056257175621,0.00917584288534163,0.571183393296688,0.10520073936822552,0.13135423711055444,167.0,92.47305389221556,26.616766467065872,0.22513532934131733,1
2019-06-01,0.7084751820644376,0.721648321051856,0.020665901262916158,0.006631592149578988,0.5710862189313868,0.10110697488268382,0.12684185962338912,95.0,125.5578947368421,63.28421052631578,0.25205368421052626,0
2019-06-02,0.6596401645902559,0.7236648535928453,0.020091848450057386,0.0037729469673946116,0.5760006352014624,0.0709592227709517,0.12300812466067874,153.0,140.73856209150327,71.69281045751634,0.18430980392156865,1
2019-06-03,0.6582853871645405,0.7253259801328275,0.025258323765786427,0.0067794207111496,0.5513540715786088,0.08970369160270054,0.12169132004305212,194.0,49.46907216494846,23.24742268041237,0.20749587628865973,0
2019-06-04,0.6604269291489224,0.7264750050378929,0.020665901262916158,0.0075255765866855395,0.5557273270542505,0.09097690102340902,0.12442255855375325,186.0,84.06989247311827,92.47849462365593,0.2139134408602151,0
2019-06-05,0.5917885805684726,0.727455676284875,0.015499425947187118,0.007944046828185754,0.5477213780811055,0.08742002375309721,0.12799912371772282,181.0,134.35911602209944,67.9889502762431,0.19973977900552486,1
2019-06-06,0.6106420102613082,0.7287316841442608,0.012055109070034391,0.005854009554931179,0.5690135736025367,0.08260735442060226,0.1293587899684729,132.0,71.76515151515152,1623.560606060606,0.21600757575757576,1
2019-06-07,0.5614317780211647,0.7297885364312328,0.0258323765786452,0.006683590870063532,0.5664119777432727,0.0765446656584083,0.12225090247549743,239.0,109.17573221757324,87.73221757322176,0.19732510460251046,1
2019-06-08,0.7350976336999216,0.730569012768713,0.023536165327210114,0.01131038280310211,0.5507969164200596,0.12235623540465004,0.12102934593147853,101.0,122.80198019801979,49.92079207920793,0.2356326732673268,0
2019-06-09,0.5297587576683591,0.7316017739888763,0.023536165327210114,0.004774921882312069,0.5398050924030441,0.058944353868169055,0.12155321033632095,92.0,96.02173913043478,21.67391304347826,0.2669717391304348,0
2019-06-10,0.7136236328946188,0.7324007416118906,0.009184845005740537,0.012278506148014009,0.5532156537722548,0.13010294464889594,0.13150187162464638,156.0,79.83333333333333,35.641025641025635,0.2388185897435897,1
2019-06-11,0.6886666602400633,0.7332381872641304,0.0177956371986222,0.008561651430547679,0.5459112172576391,0.10102184121828485,0.12395108058939508,158.0,88.09493670886076,356.21518987341767,0.22790189873417724,0
2019-06-12,0.6372370252439452,0.7341651202592325,0.021814006888633698,0.0036299061093202968,0.544762443706977,0.0652132012989372,0.12455114345312367,159.0,136.71698113207546,352.44654088050316,0.2073371069182391,1
2019-06-13,0.5549834230709623,0.7352185668312773,0.018943742824339846,0.00555403622058303,0.5363133365202821,0.0662680078430135,0.12441541494823267,134.0,64.26865671641791,29.99253731343284,0.19904029850746272,0
2019-06-14,0.6110476278047489,0.7361581293525679,0.01607347876004589,0.007709037347496782,0.5399753275524429,0.08597354956644937,0.1264513425215975,167.0,119.8562874251497,197.1017964071856,0.221325748502994,1
2019-06-15,0.6952766689827157,0.7370635364828096,0.024110218140068886,0.010012818639329573,0.541017685542136,0.11004783899049159,0.12547028736343807,110.0,78.56363636363636,807.7909090909089,0.22323181818181814,1
2019-06-16,0.6582201324226342,0.7380078473566429,0.013777267508610806,0.00474529227911729,0.5432974773916017,0.0652447948869872,0.12914210060101536,118.0,186.79661016949154,80.60169491525423,0.2540457627118644,0
2019-06-17,0.6990896221972903,0.7391911695575456,0.018369690011481074,0.01149089590177598,0.5463467315484308,0.1221251836275039,0.1270418805779653,174.0,204.4367816091954,117.88505747126436,0.2782931034482758,1
2019-06-18,0.6293278539124296,0.7406697410448282,0.02238805970149247,0.007314859684896429,0.5405556159553836,0.08208192610598289,0.12075074531617598,276.0,173.81884057971016,72.35144927536231,0.2456945652173913,0
2019-06-19,0.6560511537854053,0.7416835197705736,0.02123995407577493,0.0083971061650293,0.5507348665085995,0.09604206661137163,0.12426539923230052,239.0,126.53138075313808,73.09205020920503,0.22342552301255228,1
2019-06-20,0.7294404924953339,0.7426585475732693,0.020665901262916158,0.012711351251993238,0.5475507078649904,0.13178859341840868,0.12667517549457563,239.0,199.96234309623432,99.56903765690376,0.2392845188284519,1
2019-06-21,0.5756491549140158,0.7438860130791897,0.024684270952927655,0.006234020622499964,0.5385873575663955,0.06891824226885515,0.1205126251321567,276.0,187.15217391304347,85.81884057971014,0.1776336956521739,1
2019-06-22,0.5611937465194381,0.7450900533792327,0.012629161882893163,0.006177093931930917,0.5399693289052935,0.06458131355280301,0.1294564192439208,193.0,156.2331606217617,67.52849740932642,0.2541165803108809,1
2019-06-23,0.5725881142936804,0.7461298880073217,0.018943742824339846,0.005989672706469538,0.5483923243139235,0.06771968702890359,0.12778481555210547,145.0,174.24137931034485,2733.193103448276,0.2207675862068966,0
2019-06-24,0.5993855672824588,0.7474266794603658,0.012055109070034391,0.007533473122775938,0.5614396850921797,0.08093603972008456,0.1286634790311366,199.0,98.28140703517587,55.562814070351756,0.2022386934673367,1
2019-06-25,0.6902654014167694,0.7484941964379911,0.01607347876004589,0.011930178414709067,0.5643343147801798,0.12208590497242146,0.12710379182581033,170.0,117.2764705882353,817.1,0.2045088235294118,1
2019-06-26,0.6282785873238215,0.7496913707294149,0.015499425947187118,0.011698143518683946,0.5894066464556756,0.11922406237407186,0.12817295145205687,278.0,148.0935251798561,42.47841726618705,0.2121467625899281,1
2019-06-27,0.6027083684015777,0.7509134547691203,0.02123995407577493,0.01417609703796576,0.5830812402009653,0.13118284287076218,0.1252655040051815,195.0,94.66153846153844,97.06666666666666,0.23804717948717946,0
2019-06-28,0.7436378480469181,0.7519127264591663,0.018369690011481074,0.011280223158980055,0.5743411856127083,0.12750662956222616,0.12706331139452703,237.0,150.38396624472574,590.2658227848101,0.2061632911392405,1
2019-06-29,0.5428067399250015,0.7529250315582605,0.01664753157290466,0.008204396246887732,0.5901324837748942,0.08115750825592845,0.1267466115497814,119.0,105.08403361344537,44.058823529411775,0.15008655462184872,1
2019-06-30,0.5076737351888421,0.7536958583701137,0.01664753157290466,0.00946824295772125,0.589424627523048,0.07960122174033085,0.12688710245835277,87.0,71.0,168.48275862068962,0.2613827586206896,0
2019-07-01,0.7049410445652811,0.7545463920101666,0.015499425947187118,0.013077258574508298,0.5826754737236702,0.13279006477156188,0.12604177580508436,168.0,81.14285714285714,30.66666666666667,0.30229285714285714,1
2019-07-02,0.662724934207648,0.7554857362163977,0.020665901262916158,0.009026554370691397,0.5918347930129852,0.09918000784678205,0.12703711817428492,202.0,132.86138613861382,33.7970297029703,0.2780024752475247,0
2019-07-03,0.5575557946581579,0.756642926104686,0.0177956371986222,0.006606945155285148,0.5723677720042765,0.07033826946119533,0.12357008829496423,173.0,81.65895953757227,48.58959537572255,0.2173832369942197,1
2019-07-04,0.5533194271523498,0.7577163921676809,0.018369690011481074,0.005409843713600785,0.5707700204198716,0.06365053199031752,0.1267156559258589,125.0,126.52,202.92,0.2252248,0
2019-07-05,0.6286337807485164,0.7585718269808182,0.020091848450057386,0.008223565216603553,0.571142728587669,0.08799477133842305,0.12280334130242215,189.0,84.19576719576719,74.66666666666667,0.21308042328042331,1
2019-07-06,0.5581586594896337,0.7595731944954347,0.008610792192881665,0.007316918868262478,0.5891772983486873,0.07742001324270692,0.13257579365457334,123.0,122.55284552845528,177.8861788617886,0.21831626016260167,1
2019-07-07,0.43063532165026275,0.7607190320006323,0.009758897818599309,0.004104502459051844,0.5811034901233516,0.04899985423690749,0.1290587585366086,104.0,62.009615384615394,117.18269230769229,0.26018942307692305,1
2019-07-08,0.5995034707365852,0.7616857419995635,0.010907003444316849,0.008663714566453939,0.576831825937421,0.09015364937014045,0.1279062568459553,207.0,73.96135265700484,151.5072463768116,0.25117246376811586,1
2019-07-09,0.5714431901856868,0.7626732246764001,0.008036739380022894,0.006503068024188655,0.589823263233199,0.07454203728827885,0.12831820476430864,244.0,54.47131147540984,34.139344262295076,0.2415012295081968,0
2019-07-10,0.5448526243899979,0.7637034425261209,0.01722158438576343,0.005369399607513627,0.5920298225706015,0.06316242730453868,0.12612749907133128,276.0,110.9855072463768,47.69202898550725,0.27503768115942034,0
2019-07-11,0.7222209451407834,0.7645364345511482,0.014925373134328348,0.011120036956097356,0.6058125312873437,0.12399887640640009,0.1287944451323472,300.0,191.42666666666668,175.64,0.20252099999999995,0
2019-07-12,0.5376568060325043,0.7656533125637118,0.028128587830080383,0.00704496057392066,0.6059963194241482,0.07111690910403962,0.1215365419234396,271.0,180.62361623616238,189.13284132841332,0.2485848708487085,1
2019-07-13,0.43450314817053143,0.7665910084912442,0.01607347876004589,0.004676645421905189,0.6038982093395293,0.05209807233866635,0.12751097734048328,176.0,97.0056818181818,101.88636363636364,0.22395909090909102,0
2019-07-14,0.45393645522894405,0.7674735252875042,0.0063145809414465815,0.007784149117567336,0.6151079696669444,0.06836082051435713,0.1324543523607235,109.0,74.56880733944953,201.6605504587156,0.22493761467889906,0
2019-07-15,0.550190165665476,0.7686430718081566,0.024684270952927655,0.007622442486481691,0.6083542556111537,0.08402569267046003,0.12182704854794311,182.0,197.9945054945055,372.70329670329664,0.23153956043956045,1
2019-07-16,0.7429764022539581,0.7693311899597428,0.02755453501722151,0.01587718454009023,0.5907413544046666,0.1726003445855278,0.1234796026250369,332.0,92.9156626506024,236.15963855421685,0.2252897590361445,0
2019-07-17,0.6145068706569446,0.7701632650615204,0.018943742824339846,0.01261724840747465,0.6069678822219216,0.12552784132338327,0.12738239244111288,385.0,84.18961038961041,122.64675324675324,0.2476974025974026,1
2019-07-18,0.4942638857270824,0.7710991489740595,0.0051664753157290395,0.006301768388108478,0.607491276270893,0.06365499454818603,0.12954214251016774,294.0,88.64965986394556,82.6360544217687,0.2147040816326531,1
2019-07-19,0.6037687579575562,0.7718421842788465,0.022962112514351242,0.010756826775384042,0.5867747074818369,0.10118986863624681,0.1211388812161274,202.0,149.22772277227722,158.85148514851485,0.23360594059405945,0
2019-07-20,0.43213173152716117,0.7728771613968631,0.007462686567164123,0.00484774609253674,0.6009108198443075,0.04820945919939196,0.12960405375801273,168.0,80.67261904761905,199.1190476190476,0.2488619047619048,1
2019-07-21,0.38640224654279637,0.773942167751305,0.018369690011481074,0.005533824533125116,0.5853699176204689,0.04575916767601222,0.12122698568421454,179.0,75.56983240223464,220.48044692737432,0.2406625698324022,0
2019-07-22,0.4740883059794848,0.775005176522953,0.010332950631458079,0.005172484425919271,0.5837513277939546,0.05347019728695153,0.12815152063549515,203.0,55.40886699507389,32.41871921182266,0.1936487684729064,0
2019-07-23,0.4489719041259535,0.7760960204646791,0.008036739380022894,0.006575598865866906,0.5928774349623067,0.058322162145990036,0.12803007934164531,215.0,52.013953488372096,26.469767441860466,0.2451958139534884,0
2019-07-24,0.6717412115580979,0.7769286741013642,0.012055109070034391,0.012328806901148733,0.5977251403264507,0.12476397774261913,0.12797769290116107,331.0,56.577039274924466,22.682779456193355,0.15201329305135955,1
2019-07-25,0.7033682569791059,0.777767265907666,0.023536165327210114,0.011382464526967256,0.5924778128304942,0.12314548926125982,0.12405823467220375,354.0,79.52542372881356,141.45197740112994,0.17228418079096042,1
2019-07-26,0.47378724432932584,0.7788717872878655,0.015499425947187118,0.005918592770039885,0.5892250620484156,0.060670343819112356,0.12823962510358228,170.0,342.40588235294115,67.00588235294117,0.2508423529411765,0
2019-07-27,0.4273948304896849,0.7798578072538038,0.011481056257175621,0.004963298506169432,0.6060754603247647,0.0562680178394185,0.12863966701273466,112.0,66.91964285714286,113.20535714285714,0.1512357142857143,1
2019-07-28,0.42368717469955014,0.7810051293014056,0.014351320321469577,0.0037834452188266164,0.5960335813266239,0.04370824750144528,0.12420110678261533,136.0,52.11764705882353,155.11764705882354,0.14945735294117646,0
2019-07-29,0.5010236837636562,0.7820136138869598,0.021814006888633698,0.0054459744756834285,0.5934446632506253,0.058481617660547894,0.12134604577622418,227.0,109.85903083700441,101.23788546255508,0.22644273127753303,1
2019-07-30,0.5297891604458382,0.7829407979443803,0.008036739380022894,0.006072414065681432,0.6092017686169889,0.064099729047428,0.13104468087132937,231.0,48.96969696969697,87.84848484848484,0.23846147186147185,0
2019-07-31,0.5064324120303049,0.7838994848648774,0.018943742824339846,0.006236993075801605,0.5910621452870765,0.06896917339138488,0.12260093914600577,242.0,68.96694214876032,37.78512396694215,0.29055000000000003,1
2019-08-01,0.6498141352152406,0.784655815556784,0.02755453501722151,0.011801019041478056,0.5852726908578552,0.11972897920401582,0.1229557382201945,299.0,126.3010033444816,75.76923076923076,0.2725183946488294,0
2019-08-02,0.5687417921769946,0.785520234034617,0.008036739380022894,0.008047962159686065,0.5949162032313975,0.08309108340543747,0.13230195544295117,252.0,48.76587301587302,122.76190476190477,0.1948829365079365,1
2019-08-03,0.5799982351558439,0.7863735511916776,0.010907003444316849,0.011044655362221455,0.6027735774279867,0.09710526312288359,0.12841107163607615,160.0,80.58125,22.7,0.207963125,1
2019-08-04,0.4210450991835,0.7874205902167281,0.014925373134328348,0.00331316615081004,0.610658968298481,0.04389290945323684,0.1254679061615979,125.0,67.648,125.68799999999999,0.04443359999999998,1
2019-08-05,0.5317586672015578,0.7883588428476619,0.012629161882893163,0.005245069179154986,0.61910102517326,0.06177057847857406,0.12740144205583442,217.0,123.7281105990783,104.13364055299542,0.1352483870967742,1
2019-08-06,0.5418538723869369,0.7895303651196021,0.014351320321469577,0.005196628561394425,0.6177067925252183,0.06729873268462698,0.12564649629961233,271.0,94.39114391143913,230.36162361623616,0.16688966789667894,0
2019-08-07,0.549584334709368,0.7905189066244769,0.012055109070034391,0.004738607160179586,0.6227270114767317,0.06263419116499243,0.1289920848850832,217.0,226.01382488479263,502.6958525345622,0.21486313364055296,0
2019-08-08,0.5126998333779488,0.791356570591776,0.02123995407577493,0.0060439995599129975,0.6180440003307143,0.06574590782638196,0.12253902789816076,185.0,69.22162162162162,180.30270270270267,0.1890805405405405,0
2019-08-09,0.5342235167708395,0.7922645320082133,0.01607347876004589,0.006395122576365459,0.6119315712343222,0.06932419071102221,0.12327005686309994,250.0,45.016000000000005,29.248,0.2136632,0
2019-08-10,0.46686801709377623,0.793225260174516,0.006888633754305352,0.005240826884490536,0.6291468643940752,0.05396382966258677,0.13053510367752813,144.0,54.319444444444436,549.8333333333334,0.13161666666666666,0
2019-08-11,0.4309615953597946,0.794242717509013,0.01607347876004589,0.00459418785780855,0.613961859589987,0.04807693269933104,0.12302479307356008,162.0,127.75308641975307,104.87037037037035,0.12761913580246914,1
2019-08-12,0.5276884026751478,0.7953840358924803,0.006888633754305352,0.00596424428528154,0.6234211717472166,0.06387322642970919,0.1285658497556887,189.0,56.79894179894179,288.12698412698415,0.21435079365079354,0
2019-08-13,0.5171008208008389,0.7965053457007505,0.01722158438576343,0.012359655942797972,0.6215796381174753,0.07455698477622343,0.1241772947642134,220.0,45.80454545454546,674.2636363636364,0.18303090909090908,0
2019-08-14,0.5452612080580708,0.7974205879244199,0.013203214695751933,0.0051521505825523435,0.6177677241766182,0.07137583043523633,0.12853965653544658,198.0,58.373737373737384,147.96464646464648,0.21647222222222226,0
2019-08-15,0.5099858293395702,0.7983022751234542,0.019517795637198618,0.007323487043313805,0.6178406892933647,0.08359334013638324,0.12201516349331835,184.0,157.90217391304347,93.2391304347826,0.13466304347826086,1
2019-08-16,0.5320827163176156,0.7991817245931292,0.010332950631458079,0.005142801376698584,0.6174154117471758,0.06409832353946687,0.12827772433302537,241.0,69.81742738589212,47.57676348547718,0.2186020746887966,0
2019-08-17,0.4744145796890167,0.8000799819051746,0.010332950631458079,0.003484415219814858,0.6304004126247108,0.04782265409231524,0.12728952556934536,260.0,58.30769230769231,62.69230769230769,0.2211534615384616,1
2019-08-18,0.4641473392749753,0.8009534495422211,0.01664753157290466,0.003983489144679242,0.6066636600457802,0.04903934178010359,0.12397013020411662,231.0,69.32467532467533,85.46320346320347,0.1584848484848485,1
2019-08-19,0.5362249093663543,0.801738270349384,0.022962112514351242,0.0069500322861776225,0.6079794458040592,0.07741724872903256,0.12101982112411777,229.0,75.79912663755458,23.803493449781662,0.24843100436681226,1
2019-08-20,0.5429424401269205,0.8026166937382798,0.015499425947187118,0.0068771371070618864,0.6040557839460687,0.07922862124673682,0.1264180056958348,234.0,71.44444444444444,397.58547008547015,0.2584982905982906,0
2019-08-21,0.541444547187706,0.8035811660078519,0.011481056257175621,0.009457544755123237,0.5999377547648812,0.09458668371036956,0.1267108935221785,250.0,44.22,118.036,0.1196384,0
2019-08-22,0.5456297490436102,0.804368202712868,0.020091848450057386,0.007946531220994351,0.5786593380463697,0.08260838896104783,0.12013163283772586,299.0,44.755852842809375,158.7625418060201,0.17391337792642134,1
2019-08-23,0.54276595571131,0.8051799526826123,0.009184845005740537,0.007041364361968393,0.6000449400592713,0.07725357139935832,0.1299493280248407,236.0,58.64406779661017,95.2415254237288,0.14859830508474575,1
2019-08-24,0.5063960770035616,0.8060345797300297,0.029850746268656695,0.006008781980881024,0.5847287928954321,0.0660460754505377,0.11372858108944747,133.0,81.51127819548874,1753.984962406015,0.23473157894736846,0
2019-08-25,0.5012238971763235,0.8068827009886758,0.0005740528128587709,0.006977428885748647,0.590588914396693,0.0863410605244997,0.1336163788587376,114.0,78.48245614035088,1390.728070175439,0.15931578947368424,0
2019-08-26,0.5557894674397376,0.8076350365149948,0.024684270952927655,0.010480914390098305,0.5983230254371241,0.10701224843793429,0.1215984531712846,146.0,232.73972602739727,191.45890410958904,0.27329452054794523,1
2019-08-27,0.5537969732181192,0.8083449861725245,0.01722158438576343,0.007854318771400982,0.5757794316651007,0.08414579133969562,0.12327243806494013,193.0,122.38860103626943,513.4041450777202,0.18558549222797932,0
2019-08-28,0.534594282349853,0.8091025721760229,0.01607347876004589,0.007901945764431723,0.58690408354509,0.08623813187702806,0.12624179675966055,240.0,55.2,49.6625,0.21395083333333328,0
2019-08-29,0.5360232128913709,0.8098395929009226,0.0057405281285878105,0.008207234539144044,0.6055822728193087,0.0873300879551491,0.13139709874367791,149.0,53.5234899328859,776.1677852348995,0.2083993288590604,0
2019-08-30,0.5278700778088644,0.8104989371276753,0.011481056257175621,0.007897383418968725,0.6097725355831526,0.08446406330335847,0.12641324329215442,191.0,64.09424083769632,327.0785340314136,0.2317219895287958,0
2019-08-31,0.5030873649764452,0.8111483698507296,0.0177956371986222,0.007252395981323587,0.6013288821115583,0.07498371568221068,0.12481783805922525,81.0,75.64197530864197,87.23456790123457,0.1592111111111111,1
2019-09-01,0.5108452639517234,0.8117517162647372,0.015499425947187118,0.00795590042432455,0.5969665012755417,0.07707652065820972,0.12416538875501243,99.0,115.0,300.5555555555556,0.16567171717171714,0
2019-09-02,0.5607532770115701,0.81238127140163,0.014351320321469577,0.009231565543976309,0.6034676687368474,0.09516757755612237,0.12670136871481774,114.0,165.26315789473685,65.85964912280701,0.2262991228070176,1
2019-09-03,0.5560705077486299,0.8131015364457179,0.020665901262916158,0.008155355709124635,0.6049761430760444,0.09331712738435559,0.12111983160140587,150.0,166.88,44.60666666666667,0.272338,1
2019-09-04,0.5287880933825018,0.8137435027937396,0.014351320321469577,0.008022753144377918,0.5915532510980187,0.09067734542838947,0.1203816590309461,239.0,101.80753138075312,237.67364016736406,0.19437824267782425,0
2019-09-05,0.5698985807835166,0.8144878698203892,0.012055109070034391,0.012031680381287779,0.6020246859674159,0.1157787188795891,0.12676327996266276,227.0,70.22026431718062,208.14096916299562,0.20427444933920705,0
2019-09-06,0.5688812000347037,0.8151970007964461,0.018943742824339846,0.01200365772544265,0.5835979733683683,0.12369061058183294,0.12409395269980665,241.0,72.35684647302905,56.35269709543569,0.24762614107883815,0
2019-09-07,0.5013610804405585,0.8157935685278582,0.014351320321469577,0.011067609816791436,0.6118762511660545,0.11487110430598378,0.12561077827200945,176.0,52.67613636363637,113.8068181818182,0.20205170454545454,1
2019-09-08,0.49964962652783224,0.8163877238778636,0.018943742824339846,0.012023640892685183,0.6097755580629589,0.12311801094065138,0.12241282420063054,138.0,101.28260869565216,495.8768115942029,0.13069492753623188,1
2019-09-09,0.5599887583876443,0.8170681245920988,0.013777267508610806,0.014130120105440838,0.5984001762540118,0.141178731280813,0.12256760232024308,155.0,78.89032258064516,28.929032258064517,0.21758387096774195,0
2019-09-10,0.5118700600121167,0.8176870587013501,0.02123995407577493,0.01564865300070732,0.6026815538875158,0.15561214280326094,0.12161035918048557,268.0,43.548507462686565,20.044776119402982,0.24457686567164175,0
2019-09-11,0.5220104985981353,0.8183423313522442,0.013777267508610806,0.015053173686511143,0.6049142875417108,0.14738885267854748,0.12354389507472212,250.0,77.736,57.184,0.2196996,0
2019-09-12,0.5356798839652044,0.8190539947829906,0.012055109070034391,0.01668449048569046,0.6269704260742524,0.1633172139371679,0.12708950461476917,256.0,57.05078125,42.05078125,0.235887890625,1
2019-09-13,0.46133693618605315,0.8196838773924724,0.024684270952927655,0.015748971476663355,0.6129450718267817,0.14779436294862164,0.11686462391298136,298.0,49.89261744966443,87.26845637583892,0.251384899328859,1
2019-09-14,0.4650423673827139,0.8202700314955496,0.013203214695751933,0.016644938519340517,0.6243726751635754,0.16224246029182907,0.1264561049252779,242.0,64.16942148760329,171.32231404958677,0.2404475206611571,1
2019-09-15,0.469116339564914,0.8208834858968089,0.021814006888633698,0.016011569515749235,0.6202708935438385,0.16463792903280147,0.12260332034784596,221.0,86.87782805429865,88.31674208144797,0.19512217194570133,1
2019-09-16,0.5425642592363267,0.8215839497650063,0.010332950631458079,0.016634470101616186,0.63961723272463,0.17140179156002294,0.1302112602272619,261.0,115.32183908045977,230.34099616858242,0.18366513409961688,1
2019-09-17,0.5046008300699782,0.8222410562623996,0.0177956371986222,0.020474372139501693,0.6487289512529559,0.2078902828504138,0.12407014068140472,266.0,56.79699248120301,153.703007518797,0.19713496240601505,1
2019-09-18,0.5245695226244864,0.8229104320661333,0.009758897818599309,0.022611591787754712,0.6623129994473574,0.2201947852133072,0.1292230614635819,334.0,45.58982035928143,113.75748502994013,0.2885952095808382,1
2019-09-19,0.512512967526126,0.8235123594322546,0.025258323765786427,0.024102424621235713,0.6436400921602738,0.24841436427237396,0.11842907352198802,269.0,51.159851301115246,304.32342007434943,0.18520334572490704,1
2019-09-20,0.5307872613845425,0.8242511812563946,0.009758897818599309,0.022768963392220988,0.6542623461014325,0.24970180841902936,0.12781815237786814,271.0,79.760147601476,180.27675276752768,0.25458782287822884,0
2019-09-21,0.4416885850918127,0.8248772651838424,0.018369690011481074,0.01699023430891627,0.6723189125922344,0.1960824842816297,0.12429397365438284,215.0,72.57674418604651,472.42325581395346,0.1848986046511628,0
2019-09-22,0.42655393415648235,0.8254619238287624,0.020091848450057386,0.014266299726696265,0.6512128319863246,0.15189883149385963,0.12045547628799208,128.0,25.515625,359.703125,0.14944921874999995,0
2019-09-23,0.4731450783464745,0.826031278588016,0.014925373134328348,0.019257649296862196,0.6735192379992864,0.22353808611647408,0.1282991551495871,213.0,57.04694835680751,291.3943661971831,0.24149154929577465,0
2019-09-24,0.5251471753965894,0.8267918445920757,0.03329506314580942,0.023260598501487963,0.6463283183553525,0.26227930501349495,0.11511682176227986,346.0,89.95086705202313,66.47687861271676,0.16495722543352606,0
2019-09-25,0.5015316326069047,0.827522435938475,0.020091848450057386,0.02917899319643255,0.6645585569211981,0.27697981837308033,0.12543218813399498,302.0,74.18211920529801,46.94701986754967,0.2666321192052981,1
2019-09-26,0.48670175097752344,0.8281598504175074,0.018369690011481074,0.018796923135861506,0.6666351306962879,0.20725323016166075,0.12099124670203545,335.0,48.09253731343285,414.24776119402986,0.19352268656716415,0
2019-09-27,0.4614570642336535,0.8287749094344536,0.02698048220436274,0.019295331405307998,0.6576175711524478,0.21070150527950887,0.11789806551162503,329.0,48.37689969604863,76.17933130699087,0.2346197568389058,1
2019-09-28,0.44975941021577814,0.8292816186874024,0.012629161882893163,0.01635933955083288,0.6612339383235083,0.20643428343831766,0.12291049538523083,224.0,55.026785714285715,297.41517857142856,0.1430330357142857,0
2019-09-29,0.43799056920673224,0.8298371431876407,0.01722158438576343,0.017365124620558933,0.6570095165685598,0.1923125839043422,0.12462496071016964,227.0,45.88986784140968,2467.629955947137,0.1650986784140969,0
2019-09-30,0.5061654608134152,0.8305918692638605,0.018943742824339846,0.015421896819540915,0.6530925013941564,0.17231190147095654,0.11966729847888827,275.0,83.0690909090909,59.57818181818182,0.17793054545454542,1
2019-10-01,0.47735623379290965,0.8319149349343076,0.01664753157290466,0.008014790120942162,0.6559720883208435,0.08622335822014926,0.12444875177399536,299.0,37.31103678929766,110.21070234113712,0.24123277591973236,0
2019-10-02,0.464056130942538,0.833166360518001,0.024684270952927655,0.008005724679096708,0.635665450074204,0.08188437635339198,0.11670746459152864,304.0,53.48355263157895,30.828947368421048,0.1928072368421053,1
2019-10-03,0.45519631666643184,0.8342996558230341,0.018943742824339846,0.009756791275649983,0.6314401382410394,0.1090624518776665,0.12129842173942032,363.0,59.23415977961432,163.55647382920108,0.2517694214876033,0
2019-10-04,0.436663969965022,0.8352420891873561,0.01607347876004589,0.00997558166486233,0.6360048818920752,0.08360895543296094,0.12275333606377811,283.0,68.09540636042402,566.6007067137809,0.18252544169611307,1
2019-10-05,0.44031304479367267,0.8361743927329204,0.012629161882893163,0.008567624687379052,0.6378707870330159,0.07203819796537819,0.12358437550600539,198.0,95.97474747474749,220.82828282828282,0.1694762626262626,1
2019-10-06,0.4229990337849011,0.8378943224341614,0.010907003444316849,0.007018182778414429,0.6409916632451588,0.06575081178757182,0.12478688243530274,278.0,48.327338129496404,59.50359712230216,0.08806223021582732,0
2019-10-07,0.46572086839230853,0.8389163425534005,0.021814006888633698,0.007885993479386568,0.6337053737790793,0.07393748043207479,0.11775757460305365,240.0,60.4625,46.40416666666667,0.21889625,1
2019-10-08,0.5257782184120704,0.8400087365320484,0.026406429391503967,0.008014219031716417,0.6292730729552833,0.07875827210649772,0.11656935488479746,269.0,77.17843866171003,197.78066914498143,0.19140334572490708,1
2019-10-09,0.5561669067991734,0.8410818969539602,0.021814006888633698,0.010326622861462421,0.6272275805898021,0.09632334548392264,0.11883864023850117,336.0,78.90476190476191,78.36904761904762,0.21912172619047615,1
2019-10-10,0.5226296771150879,0.8423147111788368,0.0258323765786452,0.009140055477451602,0.6380537256572655,0.0842289586075243,0.11675746983017268,343.0,58.58892128279884,324.0,0.15576239067055395,0
2019-10-11,0.5200684284952627,0.8434055660363158,0.023536165327210114,0.008634124256696744,0.6548787507886307,0.07929100923800025,0.11884340264218156,317.0,121.58675078864351,81.7160883280757,0.2002520504731861,0
2019-10-12,0.4694789483011892,0.844397022047234,0.02755453501722151,0.007739709140688203,0.6322433589536032,0.0659033454809092,0.11463343778872072,229.0,95.24890829694323,3414.262008733624,0.2135777292576419,0
2019-10-13,0.41934773436277634,0.845246344038707,0.024684270952927655,0.008467009431838939,0.6517865893178127,0.06331972764266484,0.11907914162436065,217.0,128.6082949308756,2060.7281105990783,0.204642396313364,1
2019-10-14,0.48145541803448266,0.8463783622006424,0.019517795637198618,0.008472699789220606,0.6376703906384233,0.0749849738246589,0.11839335549438512,351.0,79.93162393162393,29.584045584045587,0.1879535612535613,1
2019-10-15,0.5111923005336799,0.8475083609482781,0.010332950631458079,0.008355721825719245,0.6745399474477876,0.07877681706502285,0.1251988303536561,413.0,58.3317191283293,267.9176755447942,0.18677578692493949,0
2019-10-16,0.5140738906137727,0.848498386995557,0.025258323765786427,0.007646981798178193,0.655362102135388,0.07682101280807949,0.11555020049719494,279.0,117.73476702508958,109.39784946236557,0.1856032258064516,0
2019-10-17,0.5208329471191885,0.8495114016185944,0.028702640642939155,0.007284191490457003,0.6527692204562435,0.07273393867438308,0.1142476830906095,347.0,63.815561959654175,124.70028818443804,0.2060538904899135,1
2019-10-18,0.5430358730528319,0.8506940361270598,0.0258323765786452,0.007481838047867466,0.6318980697923026,0.07806178337677502,0.11449532808198955,295.0,71.53220338983051,37.85762711864407,0.21849593220338984,0
2019-10-19,0.4922587854757775,0.851649939530549,0.024110218140068886,0.007359004777569954,0.6525880711156998,0.06963756670298614,0.11545733362542743,173.0,88.66473988439306,222.7398843930636,0.1408456647398844,0
2019-10-20,0.45308443592837105,0.8523702919006608,0.021814006888633698,0.008858659853419904,0.6539413016836403,0.07515363730845163,0.11709798169332025,157.0,61.885350318471346,1176.3566878980894,0.1564821656050956,1
2019-10-21,0.5021641586847017,0.8532134574074578,0.030424799081515467,0.00853305671043491,0.6284954495129815,0.07830374310431973,0.11026155121012678,254.0,55.38582677165354,491.23622047244095,0.2080748031496063,0
2019-10-22,0.5375366779849039,0.8539767523497604,0.020665901262916158,0.00968999207456295,0.6338428812291192,0.09043127943557491,0.11970301650649115,327.0,87.46483180428135,194.8012232415902,0.21095443425076452,0
2019-10-23,0.5450691514881418,0.8547630467835746,0.021814006888633698,0.01234379246379647,0.6567700878947641,0.11681032919824633,0.11870767413729057,469.0,76.83795309168444,88.55863539445629,0.21306801705756934,0
2019-10-24,0.5365630475744145,0.8556014421063229,0.03616532721010328,0.00850316612746167,0.6403515154764624,0.09027073235852005,0.11035918048557468,337.0,83.7566765578635,46.55489614243324,0.22840741839762616,0
2019-10-25,0.5489747960974698,0.8564338446806897,0.052238805970149266,0.009333816513283662,0.6180341874972708,0.09528323456596191,0.09978664431511873,477.0,93.96436058700209,235.42767295597488,0.1801981132075472,1
2019-10-26,0.5305603528501862,0.8573313160585211,0.035017221584385735,0.00931392926270385,0.6338932813587782,0.09436850338382113,0.10999485660402518,365.0,135.28493150684932,168.35342465753425,0.18005863013698628,0
2019-10-27,0.4757856708002085,0.8580746679201444,0.04707233065442023,0.007875644035008756,0.6160073789992424,0.07485721994756767,0.09997952166417434,238.0,60.38235294117647,78.21428571428571,0.13640756302521004,1
2019-10-28,0.5339068829663619,0.8589282033922645,0.03788748564867969,0.00937790247379586,0.6240494807657399,0.0903128179484136,0.10831372810484909,342.0,92.94152046783627,111.25730994152046,0.19853654970760232,0
2019-10-29,0.5237382661963381,0.8597385015668636,0.04247990815154996,0.009605087400942916,0.6273755543184779,0.09337651315906344,0.10651115831182315,368.0,66.28532608695652,189.0326086956522,0.19407500000000005,1
2019-10-30,0.5311506116519757,0.8605013380475414,0.03788748564867969,0.009479734836914699,0.6383363753528298,0.09511396061280634,0.10970196877768147,387.0,2218.684754521964,1127.4573643410852,0.2007808785529716,0
2019-10-31,0.5508011873396902,0.8613993879602804,0.040757749712973544,0.009297401758717547,0.63843709752325,0.09044471216445936,0.10717313242339674,288.0,124.69791666666669,88.35416666666669,0.2343465277777778,0
2019-11-01,0.521808060591994,0.8622524431392697,0.03386911595866819,0.008620974020023797,0.6437328178247306,0.08300703783554383,0.11162359866271705,370.0,118.80270270270269,38.06216216216215,0.18830891891891885,1
2019-11-02,0.43724162273712497,0.8629471762371568,0.04592422502870258,0.007428015454127971,0.6335070198655279,0.06600645656203735,0.10394422272809532,295.0,70.42711864406779,120.28135593220341,0.14717254237288133,1
2019-11-03,0.4225125893452354,0.8635479792807219,0.03386911595866819,0.007804780127746202,0.6295995126060147,0.06925300726401605,0.10891855337225805,296.0,70.81756756756756,35.67567567567568,0.10798513513513514,0
2019-11-04,0.49642099986578286,0.8642116679771574,0.044776119402985044,0.00833038314485597,0.6188390440201224,0.08100546615294411,0.10420139252683615,206.0,73.04854368932037,483.2621359223301,0.2010490291262136,1
2019-11-05,0.5471943797870471,0.8651060938599097,0.04018369690011477,0.007670580652467248,0.6272754808605898,0.08573780408857844,0.10758746154359028,333.0,218.42342342342343,123.44744744744743,0.1528732732732732,1
2019-11-06,0.5238205761548792,0.8660488546968209,0.04305396096440873,0.007046893927539966,0.6357012769900783,0.07826791007921596,0.10598729390698074,370.0,85.2162162162162,252.55945945945942,0.18802783783783786,1
2019-11-07,0.6347818155797179,0.8671044298406951,0.044776119402985044,0.01060280880016921,0.6348775513499214,0.11185157558075771,0.1038870738839307,381.0,163.3254593175853,192.6692913385827,0.2395238845144357,0
2019-11-08,0.5174471158516374,0.8678238762033104,0.04592422502870258,0.007318518204063943,0.6288686606949779,0.08456247597481459,0.10476573736296184,386.0,110.99222797927462,332.8834196891192,0.20800310880829012,0
2019-11-09,0.44690451525737435,0.8684029896457206,0.052238805970149266,0.007523678882700382,0.6271915731567356,0.07006780206547322,0.09818171427482879,247.0,169.48582995951418,105.12145748987854,0.12940202429149794,1
2019-11-10,0.45087689767092476,0.8690671258880279,0.0694603903559127,0.007044566463916743,0.6284245444557295,0.06792988270307262,0.08851641600548629,209.0,88.72727272727273,1476.2583732057415,0.1939760765550239,1
2019-11-11,0.5256165646196205,0.8698917782777847,0.07233065442020666,0.007984750366212587,0.6211022475565834,0.08420081104559204,0.0887759670060673,308.0,251.77922077922082,142.04545454545453,0.17283506493506492,0
2019-11-12,0.5245079755383701,0.8706276965116343,0.06888633754305393,0.007730614818723907,0.6301277623646313,0.08122154175409788,0.09150958671860862,375.0,60.06399999999999,264.02666666666664,0.17430773333333333,1
2019-11-13,0.52813480443228,0.8714295022304213,0.06659012629161884,0.008175259069885138,0.6414075302340445,0.08316678360101297,0.09030231738563088,416.0,93.2716346153846,132.32211538461542,0.1943533653846154,1
2019-11-14,0.502888634626094,0.8722338513196507,0.06716417910447761,0.009296898348555037,0.6275397681715666,0.08395743818297989,0.08928554419986856,316.0,66.74367088607596,45.958860759493675,0.2248303797468356,0
2019-11-15,0.5055166210501416,0.8728372741439291,0.0694603903559127,0.007622043762995707,0.6228310367061147,0.08095176983466482,0.08784967949023231,267.0,133.24344569288388,53.47940074906367,0.21282284644194766,0
2019-11-16,0.44145722737050824,0.873449724295915,0.07060849598163024,0.006199933993384191,0.6106090847049079,0.06393082706305876,0.08807113126137024,215.0,66.65116279069767,114.01860465116279,0.12659255813953488,1
2019-11-17,0.44405777714170885,0.8740313265300029,0.06773823191733638,0.006734710921191654,0.6273775586001882,0.06771432252110474,0.0911166884149768,271.0,139.63099630996308,54.94833948339483,0.1385686346863468,1
2019-11-18,0.5436483777893621,0.8746899939800714,0.07462686567164174,0.015331126625319514,0.6289891177215227,0.10461243432389017,0.08691386716703654,350.0,59.394285714285715,78.06,0.19412542857142864,0
2019-11-19,0.5444344008168708,0.8754979889307933,0.08610792192881746,0.007459947912132775,0.5923873578289229,0.08691669988091566,0.08180618921982302,335.0,48.38805970149254,27.88358208955224,0.2006958208955224,0
2019-11-20,0.5105011934943988,0.8762248907526882,0.0734787600459242,0.008279955751048567,0.5868739057355847,0.08589519242252704,0.08854260922572842,429.0,107.53613053613054,139.42191142191143,0.2013195804195804,0
2019-11-21,0.5647256594251205,0.877093227985838,0.0614236509758898,0.0112699329840632,0.6186728640846545,0.12965006499820378,0.09393841259560526,356.0,81.5112359550562,35.19101123595506,0.18738848314606735,0
2019-11-22,0.5883449098705954,0.8779262745896301,0.079219288174512,0.01775236171397115,0.6016842957857991,0.21207226393440187,0.08510177256664984,394.0,94.30964467005077,234.09137055837562,0.13492639593908626,0
2019-11-23,0.46741749168187424,0.8788129721192784,0.06716417910447761,0.006597094453955112,0.6098539437661827,0.07193716059676727,0.0905571059825315,200.0,92.9,147.93,0.1793474999999999,1
2019-11-24,0.4416196226941162,0.8794804158347362,0.07060849598163024,0.0069064786781606715,0.6097855145664524,0.0718220317571771,0.08837116269323453,249.0,127.86746987951807,29.53815261044177,0.14881325301204815,0
2019-11-25,0.5647197271758564,0.8804228055360463,0.08438576349024104,0.013733481451037411,0.6202937100380256,0.16696966096802862,0.08084180247454495,401.0,113.73566084788031,87.54114713216957,0.2090935162094764,1
2019-11-26,0.5030577037301242,0.8811544666262369,0.11997703788748565,0.009654452700598079,0.5706314934195469,0.1161527374936477,0.057527455257217426,390.0,105.9153846153846,72.75128205128205,0.20325282051282054,1
2019-11-27,0.4995161509193874,0.8817725165594974,0.12227324913892074,0.007658507923975207,0.5908464072974666,0.09288354767929967,0.06016582689615103,390.0,136.34615384615384,336.6948717948718,0.19023641025641025,1
2019-11-28,0.46104773903442264,0.8825049854154079,0.12629161882893222,0.007826129267544935,0.588932773951751,0.09213967256134235,0.0560844469420606,297.0,92.03367003367005,201.93265993265996,0.21769595959595964,0
2019-11-29,0.49626157066680704,0.8832281977127983,0.13203214695752005,0.006581076496781144,0.5878804131461013,0.0787332691483528,0.05530817514215775,357.0,56.97198879551821,21.624649859943982,0.144109243697479,1
2019-11-30,0.4327145750173704,0.8840840909875602,0.11423650975889785,0.006274239203219899,0.595960502626026,0.06839015805900082,0.06224937850631971,281.0,75.46975088967972,105.12099644128115,0.15140640569395014,0
2019-12-01,0.45510733292746863,0.8848559766274517,0.13375430539609645,0.009479093090940017,0.5821266848946955,0.08296631260322493,0.05260074864985856,298.0,111.72147651006712,71.60402684563758,0.12324261744966443,0
2019-12-02,0.50415294525053,0.8856501849821704,0.11997703788748565,0.008467603846984471,0.5941502092880664,0.08471561335343042,0.060120584061187365,301.0,45.71760797342193,35.591362126245855,0.17895448504983386,0
2019-12-03,0.4517400399388682,0.8863449835745753,0.126865671641791,0.0071486120187519275,0.6044819150613787,0.07347582619871644,0.059029993618379066,414.0,102.95169082125605,166.43961352657004,0.19823478260869565,0
2019-12-04,0.4891695666714372,0.8869234857348192,0.13547646383467277,0.007154101080932935,0.5914302408011487,0.08204602388426815,0.05391040966196459,454.0,48.079295154185026,19.73568281938326,0.2362964757709251,0
2019-12-05,0.45701900025286213,0.887752384352482,0.1308840413318025,0.006407485844817032,0.5835894941310368,0.07035112469411221,0.05654163769537761,423.0,77.75413711583923,62.32387706855792,0.17008605200945626,1
2019-12-06,0.42440571839167823,0.8883805968517593,0.13145809414466128,0.006595670852024931,0.5785280310576435,0.06265747380975868,0.05618683862118889,323.0,43.76160990712074,35.79256965944273,0.2091541795665635,1
2019-12-07,0.3609736600717357,0.888909301346946,0.12571756601607345,0.005172735997455184,0.5955613175892129,0.05181240847762892,0.058258484222156605,269.0,77.15985130111524,240.3568773234201,0.14651375464684013,0
2019-12-08,0.32578652356104026,0.8893736465626114,0.12973593570608496,0.002465899032332673,0.5722184832720835,0.044321366141547795,0.05279838840259456,200.0,65.4,118.09,0.15301649999999994,1
2019-12-09,0.47022937783311247,0.8901059625979802,0.12858783008036742,0.004575408693538744,0.5813039436479169,0.06418418491745256,0.05708455171494157,264.0,68.01893939393939,36.90530303030303,0.1678132575757576,0
2019-12-10,0.46736780909428643,0.8907165134089492,0.11710677382319169,0.005230442514519588,0.605626090156297,0.07055308247458872,0.06322090885711837,427.0,33.55269320843092,122.36768149882904,0.22728758782201394,0
2019-12-11,0.4627302732319858,0.8913504457627835,0.13547646383467277,0.006299597219732497,0.5807090725658706,0.07228341814485388,0.052322148034556,560.0,231.84642857142856,152.34464285714284,0.19459678571428574,0
2019-12-12,0.47035988731692524,0.8928375315373841,0.11825487944890924,0.005120203707013837,0.5883896450466548,0.07061955900796087,0.06144929468801494,343.0,46.084548104956276,208.1836734693877,0.2334134110787172,1
2019-12-13,0.45988427664747833,0.8945679185299721,0.15154994259471866,0.005046530327545226,0.5895067533802342,0.06715133987667375,0.04267828058177523,370.0,33.07297297297297,29.683783783783785,0.23788324324324334,0
2019-12-14,0.4077042121194369,0.896294441346008,0.21699196326062006,0.0046434351988472655,0.5944888024108922,0.05726378349092581,0.011848860356799284,277.0,64.15162454873646,29.76173285198556,0.17455920577617334,0
2019-12-15,0.38979845924655987,0.8980255160310331,0.21412169919632612,0.0054264334926227365,0.5898036460174917,0.05918639070144932,0.0142848298393165,249.0,43.847389558232926,54.55421686746988,0.17041807228915665,1
2019-12-16,0.46965098352985146,0.8991918969833236,0.22158438576349024,0.00670241482190139,0.5835296428784134,0.0848270115060049,0.011020202116412196,390.0,61.93333333333333,46.207692307692305,0.17541794871794872,0
2019-12-17,0.47878442280326955,0.9000819129018753,0.22560275545350172,0.00870287346756433,0.5574590859482286,0.11306065004447605,0.008098467458495653,400.0,84.9475,254.7775,0.20389650000000006,0
2019-12-18,0.49086841455447694,0.9010516574801327,0.2382319173363949,0.009885810378002173,0.5332310855785416,0.09643937353782973,0.004224252064501995,399.0,46.614035087719294,263.1779448621554,0.17837268170426068,1
2019-12-19,0.45886763742982334,0.9019638323772171,0.2319173363949483,0.00583177392935105,0.5315404068535626,0.07272807901798246,0.004140910000095248,413.0,77.92978208232445,239.01452784503638,0.22775157384987885,0
2019-12-20,0.4545652736509509,0.9030802410124029,0.24052812858783,0.006086223148568794,0.5140770560277832,0.07388998071896181,0.001519206774042995,355.0,44.216901408450695,53.94647887323944,0.19522225352112685,1
2019-12-21,0.4034292849934115,0.9051376203010126,0.22560275545350172,0.004576881192371968,0.5280502678504465,0.057600432139775434,0.008043699816171219,389.0,55.732647814910024,58.619537275064275,0.15917429305912595,0
2019-12-22,0.3919778193200011,0.9066297054904742,0.24454649827784147,0.003987682611090464,0.5192643460071221,0.05402244268718454,0.0013144234157864158,316.0,43.389240506329116,30.829113924050635,0.15163544303797472,1
2019-12-23,0.4673915380913433,0.9077952568455389,0.24052812858783,0.0057949215386533075,0.5217790397406412,0.07255444565829952,0.0016525540770937909,534.0,25.85580524344569,110.90636704119852,0.20753970037453176,0
2019-12-24,0.4460198685858482,0.9092811964660774,0.2301951779563719,0.004744759940566535,0.5225524859339812,0.06274936091769442,0.006895960529198297,347.0,102.07780979827088,170.3976945244957,0.1959149855907781,0
2019-12-25,0.4180485717739131,0.910822751848007,0.2382319173363949,0.0049384613336542725,0.5090381467859209,0.06011149837137579,0.0009334311213555705,321.0,197.98753894081003,110.98130841121497,0.2214847352024922,0
2019-12-26,0.4340300512917102,0.9122237014159075,0.2399540757749713,0.0049460127446013715,0.5068972068001166,0.0614876237284121,0.0021335568488127328,382.0,179.72513089005238,176.96073298429317,0.14424031413612562,1
2019-12-27,0.4291240811502038,0.9131459406372318,0.23478760045924227,0.005128928917160581,0.5110124393170119,0.059736505500851494,0.004624293973654383,358.0,37.84636871508379,34.35474860335196,0.15066312849162014,1
2019-12-28,0.38196937328011116,0.9140004803586252,0.22560275545350172,0.004833003734728773,0.5218975563763921,0.051216453019765344,0.0072102791721037444,371.0,45.42587601078167,38.929919137466314,0.10447924528301886,1
2019-12-29,0.3550466015256262,0.9153010377464446,0.2359357060849598,0.004215585012466188,0.5232462500131749,0.049192647660117224,0.003693244054139005,319.0,51.557993730407524,127.74921630094043,0.1360724137931034,1
2019-12-30,0.43238459365204834,0.9160708712247773,0.23363949483352472,0.005007200017501864,0.5225329008327556,0.05931584418980766,0.004550476716608407,285.0,50.02456140350878,960.9473684210526,0.2099480701754385,0
2019-12-31,0.40998219583689577,0.9167760834455173,0.24052812858783,0.007198871899503334,0.5156207734753803,0.06290595886949663,0.0024859747211612646,441.0,101.69841269841271,25.46031746031746,0.1498408163265306,0
2020-01-01,0.34495807012066937,0.9177018266235455,0.24512055109070036,0.004658912709283792,0.49797648796901445,0.0503073077492536,0.0,422.0,127.35308056872036,272.8696682464455,0.19383909952606632,1
2020-01-02,0.373961578304578,0.9183513357568707,0.1188289322617681,0.0034814230511446094,0.5187181182235576,0.048556835318417535,0.05909428606806427,335.0,41.34328358208956,1009.3641791044777,0.210104776119403,0
2020-01-03,0.4303194293769433,0.9191950579670691,0.008610792192881665,0.004477476783332966,0.5335775947521026,0.05741876634873441,0.12759670060673023,417.0,68.72422062350121,1419.8129496402878,0.23806690647482015,1
2020-01-04,0.4135852957337488,0.9199824985549453,0.0040183696900114975,0.0025147414585302576,0.5612629590989422,0.04614655281362364,0.13029460229166864,372.0,32.70967741935484,252.94623655913975,0.17641075268817202,1
2020-01-05,0.388069208586041,0.9206957011068606,0.014925373134328348,0.0026209722399362523,0.5433704746228301,0.044746036513403295,0.12273190524721637,266.0,62.14661654135338,271.2894736842105,0.09283233082706767,1
2020-01-06,0.4636023138738255,0.9214546188322216,0.0,0.00394425908052753,0.5523456356136822,0.061400346731189284,0.13302345960052958,327.0,51.357798165137616,136.99694189602442,0.1746113149847095,1
2020-01-07,0.47839808506993753,0.9222405312146817,0.007462686567164123,0.0033855904115059465,0.5648115180629357,0.059058905416811955,0.1261846479154959,430.0,60.3860465116279,69.51627906976744,0.19597232558139532,0
2020-01-08,0.48385056367490975,0.9229727599240268,0.008036739380022894,0.004378049726291094,0.5535164221203924,0.07143516908128425,0.1258631856670699,369.0,86.56097560975608,233.96747967479675,0.1698257452574526,0
2020-01-09,0.45980122515777927,0.9238004687246157,0.008036739380022894,0.003819432447018944,0.5398213619375611,0.05809250441924334,0.12607749383268724,322.0,48.490683229813655,71.93167701863355,0.2025229813664597,0
2020-01-10,0.4477113011573077,0.9249470266695096,0.0063145809414465815,0.005360966493746427,0.5592990439400796,0.06930674389046715,0.12849203249864272,281.0,41.13523131672598,207.1850533807829,0.23016298932384344,1
2020-01-11,0.4065689279164977,0.92608835596873,0.009184845005740537,0.004130789772013762,0.563219422007796,0.05250618110757917,0.12722523311966016,262.0,47.41984732824427,313.60305343511453,0.1824729007633587,0
2020-01-12,0.38754049687036773,0.9268338364021826,0.012629161882893163,0.0038694492977730784,0.5580284010017685,0.04833956102234722,0.12753240815704503,215.0,98.95813953488373,841.8790697674417,0.17948883720930234,1
2020-01-13,0.41826806499668906,0.9276990408142296,0.007462686567164123,0.004020483096657787,0.5580675384136436,0.05772729893225883,0.12662278905409138,312.0,48.05448717948718,16.753205128205128,0.15939807692307695,0
2020-01-14,0.4971365774332789,0.928561734603093,0.009184845005740537,0.009047810857911558,0.5573256387828271,0.08529939171846239,0.12731809999142768,305.0,65.26229508196721,137.14754098360658,0.2118504918032787,1
2020-01-15,0.5168991243258555,0.9296349059407577,0.010907003444316849,0.004134922136872103,0.5664832556665607,0.06851449268060246,0.12432492927830535,396.0,68.32323232323232,47.32070707070707,0.24291186868686876,1
2020-01-16,0.5133768513252274,0.9305934727879721,0.0063145809414465815,0.0027640937572520115,0.5583032019179859,0.05756708147942168,0.12610606825476955,447.0,66.18120805369128,35.899328859060404,0.24617181208053684,0
2020-01-17,0.5007018592410725,0.9314150796826498,0.0063145809414465815,0.003588502483702975,0.5645798232324472,0.06218431867926452,0.13174237301050587,449.0,57.44988864142539,26.94432071269488,0.21390935412026726,1
2020-01-18,0.464852535406259,0.9323122345036451,0.010332950631458079,0.003755412898374787,0.5554292843804981,0.057955069164541066,0.12540599491375287,324.0,58.586419753086425,561.4783950617284,0.1740175925925926,1
2020-01-19,0.45532905074371866,0.9330171956620666,0.003444316877152625,0.0032717115537780925,0.5600896494081056,0.05447131235945834,0.13120898379830268,226.0,84.212389380531,359.429203539823,0.1946902654867257,0
2020-01-20,0.4433889160371685,0.9336723482396782,0.009758897818599309,0.002475429519820853,0.560541927796434,0.04969725999561187,0.1249678537751574,325.0,88.32307692307694,31.70769230769231,0.13072738461538466,0
2020-01-21,0.41350224424404974,0.9347101743692204,0.0063145809414465815,0.002366180332643624,0.5657536967859745,0.04588644336336064,0.12983741153835163,383.0,55.18798955613577,20.0757180156658,0.16500887728459535,1
2020-01-22,0.37998874355702117,0.9357305134625018,0.013203214695751933,0.002811069912498261,0.5563138720343365,0.04224318138620734,0.12223423406261609,376.0,106.04787234042551,156.1622340425532,0.20005744680851065,0
2020-01-23,0.4087349404290944,0.9363072363550113,0.003444316877152625,0.001758239514256604,0.5628559773467798,0.042737472026861685,0.1318900075245978,429.0,54.2004662004662,101.21445221445221,0.16380279720279714,0
2020-01-24,0.3676555973367167,0.93681163146833,0.008036739380022894,0.0010520227417550863,0.5684024438034827,0.041995562204105684,0.12468210955433426,359.0,61.264623955431745,53.1782729805014,0.2465370473537604,0
2020-01-25,0.3219624473790952,0.9374856137198178,0.014351320321469577,0.00020825733661499588,0.5604508186735758,0.03152186911848803,0.12535122727142844,253.0,152.92885375494072,122.0909090909091,0.17142094861660076,0
2020-01-26,0.3170119853681072,0.9380391515530153,0.013777267508610806,0.0,0.5536580507035629,0.03208504929606461,0.12432492927830535,297.0,180.74747474747474,4992.86531986532,0.1880949494949495,1
2020-01-27,0.3523845046683094,0.9388061687670813,0.008610792192881665,0.0013795535136084474,0.5591734404833175,0.03909517178566163,0.1285277505262456,413.0,96.20823244552058,103.13559322033899,0.12941113801452786,1
2020-01-28,0.38927048906204464,0.9394321107897404,0.008610792192881665,0.0012110735013766965,0.5481238222307485,0.04354293456923668,0.12423206240653782,480.0,46.1875,82.67083333333333,0.19907895833333333,1
2020-01-29,0.40799044314643534,0.9399970010060286,0.007462686567164123,0.001325989120402579,0.5615048703912031,0.045057945011844985,0.12890636161883626,439.0,46.18451025056947,244.85649202733487,0.18922847380410016,0
2020-01-30,0.41875970015446096,0.9406137737961914,0.0177956371986222,0.0018762786065221863,0.5473742570421548,0.05184656870145264,0.12199611387859681,473.0,59.600422832980975,98.71035940803381,0.17917547568710354,1
2020-01-31,0.43159263837527556,0.9411955943453387,0.011481056257175621,0.0017646817608770787,0.5539266521726077,0.0511890759192035,0.12749192772576173,421.0,44.161520190023744,127.19714964370544,0.1887520190023753,0
2020-02-01,0.40371329142693585,0.9418346789345758,0.013203214695751933,0.0020313602902325523,0.544899527921952,0.04587557650344522,0.12271523683433502,248.0,50.875,167.15725806451613,0.24470604838709675,1
2020-02-02,0.3920957227741274,0.9424738290183308,0.009184845005740537,0.0018590425442018754,0.5620978487471076,0.04654165936891919,0.12722047071597978,288.0,125.94097222222223,106.48958333333331,0.14895312499999994,1
2020-02-03,0.4596469866769097,0.9430924902337576,0.006888633754305352,0.0026979349945752246,0.5606706690070894,0.054037553493964996,0.12799436131404243,375.0,60.42933333333333,51.00266666666667,0.19725466666666666,1
2020-02-04,0.3879298007283319,0.9436215112857806,0.0057405281285878105,0.004699543250032073,0.5717738565815983,0.059795144968731444,0.13269961615026335,420.0,38.03333333333333,44.86666666666667,0.19694738095238096,0
2020-02-05,0.45192690579069095,0.9442324987268684,0.01664753157290466,0.005456330863346387,0.5620215379774538,0.07388436452947932,0.12439874653535132,527.0,75.46489563567363,86.4819734345351,0.2128286527514231,1
2020-02-06,0.4487568600901257,0.9448717470524001,0.006888633754305352,0.006068655759717902,0.565014772984454,0.08186646615621848,0.12884683157283144,488.0,124.3155737704918,58.19262295081968,0.2663663934426229,1
2020-02-07,0.46339987586768416,0.9456148151044461,0.010332950631458079,0.006190288032617379,0.5641387328534769,0.08234784124083462,0.1289563668574803,491.0,60.219959266802434,145.20162932790225,0.2213136456211812,1
2020-02-08,0.4896478542683646,0.9469103949089103,0.012629161882893163,0.004675929150120928,0.573622186987873,0.06656406842994401,0.12514406271133166,360.0,82.2638888888889,150.18888888888893,0.1721697222222222,1
2020-02-09,0.4651639784926303,0.947762893384498,0.013203214695751933,0.004192018440752409,0.5646955695715857,0.061956402355339495,0.12428444884702207,403.0,91.68238213399506,70.30769230769229,0.16093449131513649,1
2020-02-10,0.49492088233309434,0.9488037104303545,0.0051664753157290395,0.004325533350807528,0.571429149537536,0.06596114285827635,0.1305422472830487,323.0,52.1671826625387,264.69659442724463,0.1900625386996904,0
2020-02-11,0.5249677248563469,0.9496730628285307,0.008610792192881665,0.0041542813019716995,0.5777946025510264,0.07172035075133393,0.12816818904837649,387.0,101.64857881136949,98.25322997416019,0.22162041343669248,1
2020-02-12,0.5908764972440994,0.9508007365207835,0.015499425947187118,0.0057808432658987274,0.5811165160952089,0.10012413208439712,0.12627275238358304,358.0,128.39664804469274,222.6396648044693,0.19470642458100565,1
2020-02-13,0.5661100980971568,0.9520051042934156,0.012629161882893163,0.00639126643368971,0.590144377964804,0.0916275989376232,0.12667517549457563,454.0,80.90748898678414,108.15859030837005,0.19171167400881053,1
2020-02-14,0.5713482741974594,0.9527744028998527,0.010332950631458079,0.005681790841621211,0.5953230071754776,0.08835880350805457,0.12989217918067608,431.0,71.86310904872391,51.17865429234339,0.2295361948955917,1
2020-02-15,0.5174567557566918,0.9537938359856375,0.014351320321469577,0.006216018556968041,0.5945084345006753,0.08412468818926805,0.12593462172227568,472.0,77.83050847457628,395.5021186440678,0.15695360169491526,0
2020-02-16,0.4895299508142383,0.9544638776503025,0.0057405281285878105,0.0056135168805476875,0.5996460251221525,0.10035542938248498,0.13036127594319405,367.0,61.90190735694822,99.2425068119891,0.1907773841961853,0
2020-02-17,0.5146500603235598,0.9552702134065728,0.015499425947187118,0.004988302629670233,0.5982192956609735,0.08109989906250356,0.12484403127946737,442.0,75.36651583710406,199.0837104072398,0.1457339366515837,1
2020-02-18,0.543285769053087,0.9562501642138588,0.010332950631458079,0.004148320623073531,0.6020150049723715,0.07574448648479624,0.12628942079646438,495.0,60.97979797979797,30.31111111111111,0.13241555555555554,1
2020-02-19,0.5149993214989904,0.9571992780189995,0.0040183696900114975,0.005108371799925816,0.6297306174425292,0.08259264111960118,0.13317347531646173,571.0,55.03152364273205,73.61295971978984,0.1619583187390542,0
2020-02-20,0.5103743916663762,0.9580110934832616,0.014925373134328348,0.005028565485229918,0.6072494968170311,0.08700423936772593,0.12476783282058121,442.0,46.613122171945705,222.5656108597285,0.2192013574660633,0
2020-02-21,0.49624229085669835,0.9589636348348355,0.012629161882893163,0.002332505134738094,0.5977184591620518,0.05755234931723058,0.12419396317709475,398.0,67.51507537688443,241.6658291457286,0.14119045226130655,1
2020-02-22,0.44827783096204027,0.9599027934732661,0.012629161882893163,0.0032625785497886217,0.6136545615225855,0.05133303840931546,0.12831344236062825,451.0,45.654101995565405,110.54323725055431,0.1505760532150776,0
2020-02-23,0.4485974308911499,0.9606758580144784,0.009184845005740537,0.006047516928625944,0.6087530515556665,0.06081831937187107,0.1271514158626142,251.0,79.95617529880478,32.557768924302785,0.13166772908366536,1
2020-02-24,0.508966965528441,0.9614795412427766,0.012629161882893163,0.005134390037794426,0.6162951000785506,0.06893811884028347,0.12300336225699836,528.0,80.21401515151516,28.49621212121212,0.13802329545454545,0
2020-02-25,0.4960309544766607,0.9623108959048581,0.020091848450057386,0.00468838728188963,0.6001511629333496,0.0803269929621992,0.12277952928402024,538.0,82.9721189591078,43.89591078066915,0.12972825278810404,0
2020-02-26,0.5217413227877715,0.9634124482002494,0.006888633754305352,0.0074756303336844096,0.6081020747837139,0.14381784718329993,0.12916115021573688,496.0,57.699596774193544,33.66129032258065,0.16051633064516127,0
2020-02-27,0.5288251699404032,0.9644680124283707,0.011481056257175621,0.004874363789166944,0.6287086247669453,0.09242140376945304,0.12652515977864348,474.0,84.65822784810126,199.08227848101262,0.1624185654008439,1
2020-02-28,0.5097025644372039,0.966033615214097,0.012055109070034391,0.004796717345661926,0.6147412895564006,0.07853485029584228,0.12687043404547144,460.0,45.92608695652174,280.05217391304353,0.14781347826086955,0
2020-02-29,0.4591086350561821,0.9669329313541807,0.010332950631458079,0.002873486391434635,0.6152321857780935,0.054771822865381736,0.1256560211069731,351.0,40.74074074074074,447.991452991453,0.2340552706552707,0
2020-03-01,0.4650668379109288,0.9681366987603994,0.012055109070034391,0.0032673819193871226,0.6081336541368136,0.057952379340749004,0.12402966025012144,302.0,52.57947019867549,447.51324503311264,0.06543013245033114,1
2020-03-02,0.5043509340697232,0.96913301228139,0.009184845005740537,0.002939360149043186,0.6036707275910032,0.05958334800221704,0.1276324186343331,441.0,51.53514739229025,96.25623582766441,0.1235387755102041,1
2020-03-03,0.4894773021020184,0.9704873843313601,0.011481056257175621,0.0036365319695235783,0.6097576287168045,0.06285278828236421,0.12885159397651183,520.0,91.89807692307691,60.00192307692308,0.15307961538461548,0
2020-03-04,0.49136598196151304,0.9715000059872905,0.006888633754305352,0.003854290689323359,0.6174939654598465,0.06348363779044482,0.13023983464934422,555.0,95.62162162162164,91.82882882882885,0.17813549549549546,1
2020-03-05,0.533001473422411,0.9724200074792556,0.024110218140068886,0.004503318845397112,0.6118913179287171,0.0732474668982428,0.11891960110106774,466.0,107.568669527897,478.9420600858369,0.20412575107296133,1
2020-03-06,0.5008820513124731,0.9735931671141416,0.0057405281285878105,0.004162801139762395,0.6025958254615681,0.06762727709324552,0.13118517177990074,452.0,84.36725663716814,142.19026548672562,0.15696858407079647,1
2020-03-07,0.46691473355673196,0.9744418232446833,0.006888633754305352,0.0039342524990670985,0.6124096767649925,0.06211871510675847,0.1285229881225652,477.0,95.65199161425578,400.9433962264151,0.13995953878406708,0
2020-03-08,0.4903270968091173,0.9753915810792494,0.0063145809414465815,0.006123420420917526,0.6281263030102371,0.11537973492828685,0.1302779338787873,465.0,57.972043010752685,208.33118279569888,0.13934602150537634,0
2020-03-09,0.5804379631325539,0.9764136339457474,0.018943742824339846,0.007379633678912331,0.6143321770881514,0.12675639903401745,0.12236996256750707,640.0,80.059375,412.3859375,0.10500390625,1
2020-03-10,0.5630142055123943,0.9774895669689141,0.011481056257175621,0.004513155219296328,0.6157649900463209,0.07940091695268241,0.12775862233186333,543.0,90.02762430939227,782.1362799263353,0.16008876611418052,0
2020-03-11,0.527774420289479,0.9785974176537701,0.008610792192881665,0.005967818774930779,0.6064004345409854,0.0993115619472082,0.1286277610035337,632.0,72.94303797468355,485.1803797468354,0.09325648734177214,0
2020-03-12,0.5631573210258936,0.979328139989205,0.013777267508610806,0.07571060221916487,0.614562234080069,0.8720230585811156,0.12673946794426083,821.0,96.44701583434835,1090.6065773447017,0.1095395858708891,0
2020-03-13,0.6277936259464718,0.9804819241625661,0.024110218140068886,0.08306747874307414,0.593118338535934,0.8364309056857884,0.11871719894465134,908.0,85.99449339207048,1718.613436123348,0.08625638766519825,1
2020-03-14,0.5046126945685068,0.9828551398476604,0.011481056257175621,0.01002067110223905,0.5835177889161175,0.09910082956008666,0.1259250969149149,488.0,130.34426229508196,1703.0389344262296,0.09436803278688524,0
2020-03-15,0.48668469576088885,0.9852239783158131,0.009184845005740537,0.007556069550328103,0.5877578974122506,0.08841167495018741,0.1280038861214032,779.0,108.2785622593068,936.3697047496789,0.07818125802310655,1
2020-03-16,0.5804446369129761,0.9870989444565118,0.012629161882893163,0.024020913216771737,0.5909216478097591,0.2480597492043832,0.12571793235481812,669.0,169.31390134529147,1200.1748878923768,0.11074289985052316,0
2020-03-17,0.564876931781358,0.9890641183797692,0.009758897818599309,0.01224009008080283,0.5744015929529371,0.12874354754083617,0.12789196963491414,881.0,74.81611804767309,251.77525539160047,0.1340320090805903,1
2020-03-18,0.5688344835717479,0.990713346749012,0.007462686567164123,0.008996405574312688,0.5891131944625819,0.10384933058260602,0.1296516777948166,844.0,129.22393364928908,787.8258293838862,0.09805284360189576,1
2020-03-19,0.6397100316559652,0.9918313599998847,0.012055109070034391,0.011800831393645994,0.5909024856055515,0.15070067665310266,0.12873967749002277,715.0,165.55664335664338,1270.6125874125873,0.12941104895104893,1
2020-03-20,0.6086702789121144,0.9936216853920405,0.019517795637198618,0.009696385073522735,0.5880647763011533,0.1226543402581701,0.12591795330939431,751.0,79.74300932090546,1250.1225033288947,0.14323728362183755,0
2020-03-21,0.6348796976925775,0.9958246480780345,0.013777267508610806,0.0054640037115247534,0.6085232717624336,0.08739822994487131,0.1326805665355418,781.0,117.14468629961588,1083.9001280409732,0.10709871959026886,0
2020-03-22,0.5523413475549123,0.9971880365399591,0.03616532721010328,0.006029933300875958,0.5783402749230797,0.08448622326456709,0.12207707474116336,743.0,66.36204576043069,513.5639300134591,0.0465764468371467,0
2020-03-23,0.5931574470861903,0.9988196577996586,0.011481056257175621,0.007663786327764448,0.5918967644975005,0.09986029581573058,0.13431407099791406,735.0,107.6095238095238,342.5795918367347,0.07772598639455781,1
2020-03-24,0.5862330291325346,1.0,0.02698048220436274,0.006829312311389801,0.6013443362762854,0.09491101562224963,0.12512501309661012,733.0,99.09822646657572,1475.8690313778989,0.13232892223738066,1
