"Price - 2","Price - 1","Price - 0","TxGrowth - 2","TxGrowth - 1","TxGrowth - 0","AddressCount - 2","AddressCount - 1","AddressCount - 0","BlockTime - 2","BlockTime - 1","BlockTime - 0","AvgGasPrice - 2","AvgGasPrice - 1","AvgGasPrice - 0","NetworkHash - 2","NetworkHash - 1","NetworkHash - 0","TransactionFee - 2","TransactionFee - 1","TransactionFee - 0","BlockReward - 2","BlockReward - 1","BlockReward - 0","count - 2","count - 1","count - 0","likes_avg - 2","likes_avg - 1","likes_avg - 0","retweets_avg - 2","retweets_avg - 1","retweets_avg - 0","sentiment_avg - 2","sentiment_avg - 1","sentiment_avg - 0","Date(UTC)","Price_real (+1 day)","Price_predicted (+1 day)","Support Prediction","Contradict Prediction"
130.6,127.18,134.25,0.34495807012066937,0.373961578304578,0.4303194293769433,0.9177018266235455,0.9183513357568707,0.9191950579670691,0.24512055109070036,0.1188289322617681,0.008610792192881665,0.004658912709283792,0.0034814230511446094,0.004477476783332966,0.49797648796901445,0.5187181182235576,0.5335775947521026,0.0503073077492536,0.048556835318417535,0.05741876634873441,0.0,0.05909428606806427,0.12759670060673023,422.0,335.0,417.0,127.35308056872036,41.34328358208956,68.72422062350121,272.8696682464455,1009.3641791044777,1419.8129496402878,0.19383909952606632,0.210104776119403,0.23806690647482015,1/3/20 12:00 AM,134.33,133.53841710255614,"Price - 0 = 134.250 (0.923); likes_avg - 0 = 68.724 (0.107); Price - 1 = 127.180 (0.101)","NetworkHash - 0 = 0.534 (-0.069); sentiment_avg - 1 = 0.210 (-0.057); BlockReward - 0 = 0.128 (-0.053)"
127.18,134.25,134.33,0.373961578304578,0.4303194293769433,0.4135852957337488,0.9183513357568707,0.9191950579670691,0.9199824985549453,0.1188289322617681,0.008610792192881665,0.0040183696900114975,0.0034814230511446094,0.004477476783332966,0.0025147414585302576,0.5187181182235576,0.5335775947521026,0.5612629590989422,0.048556835318417535,0.05741876634873441,0.04614655281362364,0.05909428606806427,0.12759670060673023,0.13029460229166864,335.0,417.0,372.0,41.34328358208956,68.72422062350121,32.70967741935484,1009.3641791044777,1419.8129496402878,252.94623655913975,0.210104776119403,0.23806690647482015,0.17641075268817202,1/4/20 12:00 AM,135.44,135.0469651560033,"Price - 0 = 134.330 (0.889); Price - 1 = 134.250 (0.179); likes_avg - 0 = 32.710 (0.113)","BlockReward - 0 = 0.130 (-0.064); NetworkHash - 1 = 0.534 (-0.050); NetworkHash - 0 = 0.561 (-0.047)"
134.25,134.33,135.44,0.4303194293769433,0.4135852957337488,0.388069208586041,0.9191950579670691,0.9199824985549453,0.9206957011068606,0.008610792192881665,0.0040183696900114975,0.014925373134328348,0.004477476783332966,0.0025147414585302576,0.0026209722399362523,0.5335775947521026,0.5612629590989422,0.5433704746228301,0.05741876634873441,0.04614655281362364,0.044746036513403295,0.12759670060673023,0.13029460229166864,0.12273190524721637,417.0,372.0,266.0,68.72422062350121,32.70967741935484,62.14661654135338,1419.8129496402878,252.94623655913975,271.2894736842105,0.23806690647482015,0.17641075268817202,0.09283233082706767,1/5/20 12:00 AM,144.28,131.43962494262627,"Price - 0 = 135.440 (0.899); Price - 1 = 134.330 (0.170); likes_avg - 0 = 62.147 (0.115)","BlockReward - 0 = 0.123 (-0.066); NetworkHash - 1 = 0.561 (-0.050); sentiment_avg - 1 = 0.176 (-0.046)"
134.33,135.44,144.28,0.4135852957337488,0.388069208586041,0.4636023138738255,0.9199824985549453,0.9206957011068606,0.9214546188322216,0.0040183696900114975,0.014925373134328348,0.0,0.0025147414585302576,0.0026209722399362523,0.00394425908052753,0.5612629590989422,0.5433704746228301,0.5523456356136822,0.04614655281362364,0.044746036513403295,0.061400346731189284,0.13029460229166864,0.12273190524721637,0.13302345960052958,372.0,266.0,327.0,32.70967741935484,62.14661654135338,51.357798165137616,252.94623655913975,271.2894736842105,136.99694189602442,0.17641075268817202,0.09283233082706767,0.1746113149847095,1/6/20 12:00 AM,143.18,138.00836737618914,"Price - 0 = 144.280 (0.921); Price - 1 = 135.440 (0.130); likes_avg - 0 = 51.358 (0.115)","count - 1 = 266 (-0.067); NetworkHash - 1 = 0.543 (-0.054); NetworkHash - 0 = 0.552 (-0.047)"
135.44,144.28,143.18,0.388069208586041,0.4636023138738255,0.47839808506993753,0.9206957011068606,0.9214546188322216,0.9222405312146817,0.014925373134328348,0.0,0.007462686567164123,0.0026209722399362523,0.00394425908052753,0.0033855904115059465,0.5433704746228301,0.5523456356136822,0.5648115180629357,0.044746036513403295,0.061400346731189284,0.059058905416811955,0.12273190524721637,0.13302345960052958,0.1261846479154959,266.0,327.0,430.0,62.14661654135338,51.357798165137616,60.3860465116279,271.2894736842105,136.99694189602442,69.51627906976744,0.09283233082706767,0.1746113149847095,0.19597232558139532,1/7/20 12:00 AM,140.66,140.4059424565839,"Price - 0 = 143.180 (0.900); Price - 1 = 144.280 (0.190); likes_avg - 0 = 60.386 (0.113)","NetworkHash - 0 = 0.565 (-0.063); count - 1 = 327 (-0.061); NetworkHash - 1 = 0.552 (-0.049)"
144.28,143.18,140.66,0.4636023138738255,0.47839808506993753,0.48385056367490975,0.9214546188322216,0.9222405312146817,0.9229727599240268,0.0,0.007462686567164123,0.008036739380022894,0.00394425908052753,0.0033855904115059465,0.004378049726291094,0.5523456356136822,0.5648115180629357,0.5535164221203924,0.061400346731189284,0.059058905416811955,0.07143516908128425,0.13302345960052958,0.1261846479154959,0.1258631856670699,327.0,430.0,369.0,51.357798165137616,60.3860465116279,86.56097560975608,136.99694189602442,69.51627906976744,233.96747967479675,0.1746113149847095,0.19597232558139532,0.1698257452574526,1/8/20 12:00 AM,137.9,146.7166343054468,"Price - 0 = 140.660 (0.896); Price - 1 = 143.180 (0.199); likes_avg - 0 = 86.561 (0.124)","BlockReward - 0 = 0.126 (-0.060); likes_avg - 2 = 51.358 (-0.059); NetworkHash - 0 = 0.554 (-0.057)"
143.18,140.66,137.9,0.47839808506993753,0.48385056367490975,0.45980122515777927,0.9222405312146817,0.9229727599240268,0.9238004687246157,0.007462686567164123,0.008036739380022894,0.008036739380022894,0.0033855904115059465,0.004378049726291094,0.003819432447018944,0.5648115180629357,0.5535164221203924,0.5398213619375611,0.059058905416811955,0.07143516908128425,0.05809250441924334,0.1261846479154959,0.1258631856670699,0.12607749383268724,430.0,369.0,322.0,60.3860465116279,86.56097560975608,48.490683229813655,69.51627906976744,233.96747967479675,71.93167701863355,0.19597232558139532,0.1698257452574526,0.2025229813664597,1/9/20 12:00 AM,144.88,137.10269583740404,"Price - 0 = 137.900 (0.895); Price - 1 = 140.660 (0.182); likes_avg - 0 = 48.491 (0.123)","BlockReward - 0 = 0.126 (-0.063); likes_avg - 2 = 60.386 (-0.057); sentiment_avg - 1 = 0.170 (-0.050)"
140.66,137.9,144.88,0.48385056367490975,0.45980122515777927,0.4477113011573077,0.9229727599240268,0.9238004687246157,0.9249470266695096,0.008036739380022894,0.008036739380022894,0.0063145809414465815,0.004378049726291094,0.003819432447018944,0.005360966493746427,0.5535164221203924,0.5398213619375611,0.5592990439400796,0.07143516908128425,0.05809250441924334,0.06930674389046715,0.1258631856670699,0.12607749383268724,0.12849203249864272,369.0,322.0,281.0,86.56097560975608,48.490683229813655,41.13523131672598,233.96747967479675,71.93167701863355,207.1850533807829,0.1698257452574526,0.2025229813664597,0.23016298932384344,1/10/20 12:00 AM,142.69,145.08000088461807,"Price - 0 = 144.880 (0.919); Price - 1 = 137.900 (0.152); likes_avg - 0 = 41.135 (0.109)","count - 1 = 322 (-0.070); NetworkHash - 0 = 0.559 (-0.059); likes_avg - 2 = 86.561 (-0.053)"
137.9,144.88,142.69,0.45980122515777927,0.4477113011573077,0.4065689279164977,0.9238004687246157,0.9249470266695096,0.92608835596873,0.008036739380022894,0.0063145809414465815,0.009184845005740537,0.003819432447018944,0.005360966493746427,0.004130789772013762,0.5398213619375611,0.5592990439400796,0.563219422007796,0.05809250441924334,0.06930674389046715,0.05250618110757917,0.12607749383268724,0.12849203249864272,0.12722523311966016,322.0,281.0,262.0,48.490683229813655,41.13523131672598,47.41984732824427,71.93167701863355,207.1850533807829,313.60305343511453,0.2025229813664597,0.23016298932384344,0.1824729007633587,1/11/20 12:00 AM,146.55,140.35078040489128,"Price - 0 = 142.690 (0.897); Price - 1 = 144.880 (0.199); Price - 2 = 137.900 (0.115)","NetworkHash - 0 = 0.563 (-0.063); count - 1 = 281 (-0.061); BlockReward - 0 = 0.127 (-0.057)"
144.88,142.69,146.55,0.4477113011573077,0.4065689279164977,0.38754049687036773,0.9249470266695096,0.92608835596873,0.9268338364021826,0.0063145809414465815,0.009184845005740537,0.012629161882893163,0.005360966493746427,0.004130789772013762,0.0038694492977730784,0.5592990439400796,0.563219422007796,0.5580284010017685,0.06930674389046715,0.05250618110757917,0.04833956102234722,0.12849203249864272,0.12722523311966016,0.12753240815704503,281.0,262.0,215.0,41.13523131672598,47.41984732824427,98.95813953488373,207.1850533807829,313.60305343511453,841.8790697674417,0.23016298932384344,0.1824729007633587,0.17948883720930234,1/12/20 12:00 AM,143.7,143.33736948787367,"Price - 0 = 146.550 (0.917); Price - 1 = 142.690 (0.152); likes_avg - 0 = 98.958 (0.114)","NetworkHash - 0 = 0.558 (-0.066); count - 1 = 262 (-0.065); AddressCount - 2 = 0.925 (-0.051)"
142.69,146.55,143.7,0.4065689279164977,0.38754049687036773,0.41826806499668906,0.92608835596873,0.9268338364021826,0.9276990408142296,0.009184845005740537,0.012629161882893163,0.007462686567164123,0.004130789772013762,0.0038694492977730784,0.004020483096657787,0.563219422007796,0.5580284010017685,0.5580675384136436,0.05250618110757917,0.04833956102234722,0.05772729893225883,0.12722523311966016,0.12753240815704503,0.12662278905409138,262.0,215.0,312.0,47.41984732824427,98.95813953488373,48.05448717948718,313.60305343511453,841.8790697674417,16.753205128205128,0.1824729007633587,0.17948883720930234,0.15939807692307695,1/13/20 12:00 AM,165.86,143.96856295296124,"Price - 0 = 143.700 (0.909); Price - 1 = 146.550 (0.170); likes_avg - 0 = 48.054 (0.109)","NetworkHash - 0 = 0.558 (-0.062); count - 1 = 215 (-0.056); BlockTime - 1 = 0.013 (-0.049)"
146.55,143.7,165.86,0.38754049687036773,0.41826806499668906,0.4971365774332789,0.9268338364021826,0.9276990408142296,0.928561734603093,0.012629161882893163,0.007462686567164123,0.009184845005740537,0.0038694492977730784,0.004020483096657787,0.009047810857911558,0.5580284010017685,0.5580675384136436,0.5573256387828271,0.04833956102234722,0.05772729893225883,0.08529939171846239,0.12753240815704503,0.12662278905409138,0.12731809999142768,215.0,312.0,305.0,98.95813953488373,48.05448717948718,65.26229508196721,841.8790697674417,16.753205128205128,137.14754098360658,0.17948883720930234,0.15939807692307695,0.2118504918032787,1/14/20 12:00 AM,166.22,161.5794175457758,"Price - 0 = 165.860 (0.910); Price - 1 = 143.700 (0.126); likes_avg - 0 = 65.262 (0.119)","likes_avg - 2 = 98.958 (-0.080); count - 1 = 312 (-0.063); NetworkHash - 1 = 0.558 (-0.062)"
143.7,165.86,166.22,0.41826806499668906,0.4971365774332789,0.5168991243258555,0.9276990408142296,0.928561734603093,0.9296349059407577,0.007462686567164123,0.009184845005740537,0.010907003444316849,0.004020483096657787,0.009047810857911558,0.004134922136872103,0.5580675384136436,0.5573256387828271,0.5664832556665607,0.05772729893225883,0.08529939171846239,0.06851449268060246,0.12662278905409138,0.12731809999142768,0.12432492927830535,312.0,305.0,396.0,48.05448717948718,65.26229508196721,68.32323232323232,16.753205128205128,137.14754098360658,47.32070707070707,0.15939807692307695,0.2118504918032787,0.24291186868686876,1/15/20 12:00 AM,164.09,170.51040588298014,"Price - 0 = 166.220 (0.919); Price - 1 = 165.860 (0.124); likes_avg - 0 = 68.323 (0.115)","likes_avg - 2 = 48.054 (-0.077); count - 1 = 305 (-0.072); NetworkHash - 1 = 0.557 (-0.068)"
165.86,166.22,164.09,0.4971365774332789,0.5168991243258555,0.5133768513252274,0.928561734603093,0.9296349059407577,0.9305934727879721,0.009184845005740537,0.010907003444316849,0.0063145809414465815,0.009047810857911558,0.004134922136872103,0.0027640937572520115,0.5573256387828271,0.5664832556665607,0.5583032019179859,0.08529939171846239,0.06851449268060246,0.05756708147942168,0.12731809999142768,0.12432492927830535,0.12610606825476955,305.0,396.0,447.0,65.26229508196721,68.32323232323232,66.18120805369128,137.14754098360658,47.32070707070707,35.899328859060404,0.2118504918032787,0.24291186868686876,0.24617181208053684,1/16/20 12:00 AM,169.74,171.95153595765254,"Price - 0 = 164.090 (0.918); Price - 1 = 166.220 (0.134); likes_avg - 0 = 66.181 (0.107)","NetworkHash - 1 = 0.566 (-0.065); likes_avg - 2 = 65.262 (-0.061); NetworkHash - 0 = 0.558 (-0.054)"
166.22,164.09,169.74,0.5168991243258555,0.5133768513252274,0.5007018592410725,0.9296349059407577,0.9305934727879721,0.9314150796826498,0.010907003444316849,0.0063145809414465815,0.0063145809414465815,0.004134922136872103,0.0027640937572520115,0.003588502483702975,0.5664832556665607,0.5583032019179859,0.5645798232324472,0.06851449268060246,0.05756708147942168,0.06218431867926452,0.12432492927830535,0.12610606825476955,0.13174237301050587,396.0,447.0,449.0,68.32323232323232,66.18120805369128,57.44988864142539,47.32070707070707,35.899328859060404,26.94432071269488,0.24291186868686876,0.24617181208053684,0.21390935412026726,1/17/20 12:00 AM,174.0,178.72735949863812,"Price - 0 = 169.740 (0.912); Price - 1 = 164.090 (0.145); likes_avg - 0 = 57.450 (0.110)","NetworkHash - 1 = 0.558 (-0.074); likes_avg - 2 = 68.323 (-0.072); count - 1 = 447 (-0.061)"
164.09,169.74,174.0,0.5133768513252274,0.5007018592410725,0.464852535406259,0.9305934727879721,0.9314150796826498,0.9323122345036451,0.0063145809414465815,0.0063145809414465815,0.010332950631458079,0.0027640937572520115,0.003588502483702975,0.003755412898374787,0.5583032019179859,0.5645798232324472,0.5554292843804981,0.05756708147942168,0.06218431867926452,0.057955069164541066,0.12610606825476955,0.13174237301050587,0.12540599491375287,447.0,449.0,324.0,66.18120805369128,57.44988864142539,58.586419753086425,35.899328859060404,26.94432071269488,561.4783950617284,0.24617181208053684,0.21390935412026726,0.1740175925925926,1/18/20 12:00 AM,166.94,175.6128552507343,"Price - 0 = 174 (0.924); likes_avg - 0 = 58.586 (0.121); Price - 1 = 169.740 (0.099)","NetworkHash - 1 = 0.565 (-0.067); likes_avg - 2 = 66.181 (-0.066); NetworkHash - 0 = 0.555 (-0.057)"
169.74,174.0,166.94,0.5007018592410725,0.464852535406259,0.45532905074371866,0.9314150796826498,0.9323122345036451,0.9330171956620666,0.0063145809414465815,0.010332950631458079,0.003444316877152625,0.003588502483702975,0.003755412898374787,0.0032717115537780925,0.5645798232324472,0.5554292843804981,0.5600896494081056,0.06218431867926452,0.057955069164541066,0.05447131235945834,0.13174237301050587,0.12540599491375287,0.13120898379830268,449.0,324.0,226.0,57.44988864142539,58.586419753086425,84.212389380531,26.94432071269488,561.4783950617284,359.429203539823,0.21390935412026726,0.1740175925925926,0.1946902654867257,1/19/20 12:00 AM,166.77,169.93166186080447,"Price - 0 = 166.940 (0.936); likes_avg - 0 = 84.212 (0.124); BlockTime - 0 = 0.003 (0.095)","NetworkHash - 1 = 0.555 (-0.075); likes_avg - 2 = 57.450 (-0.070); count - 1 = 324 (-0.069)"
174.0,166.94,166.77,0.464852535406259,0.45532905074371866,0.4433889160371685,0.9323122345036451,0.9330171956620666,0.9336723482396782,0.010332950631458079,0.003444316877152625,0.009758897818599309,0.003755412898374787,0.0032717115537780925,0.002475429519820853,0.5554292843804981,0.5600896494081056,0.560541927796434,0.057955069164541066,0.05447131235945834,0.04969725999561187,0.12540599491375287,0.13120898379830268,0.1249678537751574,324.0,226.0,325.0,58.586419753086425,84.212389380531,88.32307692307694,561.4783950617284,359.429203539823,31.70769230769231,0.1740175925925926,0.1946902654867257,0.13072738461538466,1/20/20 12:00 AM,169.36,171.25615402476063,"Price - 0 = 166.770 (0.923); likes_avg - 0 = 88.323 (0.123); Price - 1 = 166.940 (0.110)","NetworkHash - 1 = 0.560 (-0.072); likes_avg - 2 = 58.586 (-0.071); count - 1 = 226 (-0.059)"
166.94,166.77,169.36,0.45532905074371866,0.4433889160371685,0.41350224424404974,0.9330171956620666,0.9336723482396782,0.9347101743692204,0.003444316877152625,0.009758897818599309,0.0063145809414465815,0.0032717115537780925,0.002475429519820853,0.002366180332643624,0.5600896494081056,0.560541927796434,0.5657536967859745,0.05447131235945834,0.04969725999561187,0.04588644336336064,0.13120898379830268,0.1249678537751574,0.12983741153835163,226.0,325.0,383.0,84.212389380531,88.32307692307694,55.18798955613577,359.429203539823,31.70769230769231,20.0757180156658,0.1946902654867257,0.13072738461538466,0.16500887728459535,1/21/20 12:00 AM,167.79,177.8011406406494,"Price - 0 = 169.360 (0.926); likes_avg - 0 = 55.188 (0.118); Price - 1 = 166.770 (0.111)","likes_avg - 2 = 84.212 (-0.073); count - 1 = 325 (-0.067); NetworkHash - 1 = 0.561 (-0.064)"
166.77,169.36,167.79,0.4433889160371685,0.41350224424404974,0.37998874355702117,0.9336723482396782,0.9347101743692204,0.9357305134625018,0.009758897818599309,0.0063145809414465815,0.013203214695751933,0.002475429519820853,0.002366180332643624,0.002811069912498261,0.560541927796434,0.5657536967859745,0.5563138720343365,0.04969725999561187,0.04588644336336064,0.04224318138620734,0.1249678537751574,0.12983741153835163,0.12223423406261609,325.0,383.0,376.0,88.32307692307694,55.18798955613577,106.04787234042551,31.70769230769231,20.0757180156658,156.1622340425532,0.13072738461538466,0.16500887728459535,0.20005744680851065,1/22/20 12:00 AM,162.63,170.11858170737645,"Price - 0 = 167.790 (0.925); likes_avg - 0 = 106.048 (0.125); Price - 1 = 169.360 (0.102)","likes_avg - 2 = 88.323 (-0.083); NetworkHash - 1 = 0.566 (-0.067); count - 1 = 383 (-0.063)"
169.36,167.79,162.63,0.41350224424404974,0.37998874355702117,0.4087349404290944,0.9347101743692204,0.9357305134625018,0.9363072363550113,0.0063145809414465815,0.013203214695751933,0.003444316877152625,0.002366180332643624,0.002811069912498261,0.001758239514256604,0.5657536967859745,0.5563138720343365,0.5628559773467798,0.04588644336336064,0.04224318138620734,0.042737472026861685,0.12983741153835163,0.12223423406261609,0.1318900075245978,383.0,376.0,429.0,55.18798955613577,106.04787234042551,54.2004662004662,20.0757180156658,156.1622340425532,101.21445221445221,0.16500887728459535,0.20005744680851065,0.16380279720279714,1/23/20 12:00 AM,162.45,165.80073338912,"Price - 0 = 162.630 (0.928); Price - 1 = 167.790 (0.121); likes_avg - 0 = 54.200 (0.108)","NetworkHash - 0 = 0.563 (-0.061); likes_avg - 2 = 55.188 (-0.057); count - 1 = 376 (-0.057)"
167.79,162.63,162.45,0.37998874355702117,0.4087349404290944,0.3676555973367167,0.9357305134625018,0.9363072363550113,0.93681163146833,0.013203214695751933,0.003444316877152625,0.008036739380022894,0.002811069912498261,0.001758239514256604,0.0010520227417550863,0.5563138720343365,0.5628559773467798,0.5684024438034827,0.04224318138620734,0.042737472026861685,0.041995562204105684,0.12223423406261609,0.1318900075245978,0.12468210955433426,376.0,429.0,359.0,106.04787234042551,54.2004662004662,61.264623955431745,156.1622340425532,101.21445221445221,53.1782729805014,0.20005744680851065,0.16380279720279714,0.2465370473537604,1/24/20 12:00 AM,160.36,167.99614188053778,"Price - 0 = 162.450 (0.913); Price - 1 = 162.630 (0.164); likes_avg - 0 = 61.265 (0.118)","likes_avg - 2 = 106.048 (-0.062); NetworkHash - 0 = 0.568 (-0.056); count - 1 = 429 (-0.052)"
162.63,162.45,160.36,0.4087349404290944,0.3676555973367167,0.3219624473790952,0.9363072363550113,0.93681163146833,0.9374856137198178,0.003444316877152625,0.008036739380022894,0.014351320321469577,0.001758239514256604,0.0010520227417550863,2.0825733661499588E-4,0.5628559773467798,0.5684024438034827,0.5604508186735758,0.042737472026861685,0.041995562204105684,0.03152186911848803,0.1318900075245978,0.12468210955433426,0.12535122727142844,429.0,359.0,253.0,54.2004662004662,61.264623955431745,152.92885375494072,101.21445221445221,53.1782729805014,122.0909090909091,0.16380279720279714,0.2465370473537604,0.17142094861660076,1/25/20 12:00 AM,167.72,170.40940094438514,"Price - 0 = 160.360 (0.918); Price - 1 = 162.450 (0.162); likes_avg - 0 = 152.929 (0.119)","NetworkHash - 0 = 0.560 (-0.070); likes_avg - 2 = 54.200 (-0.053); NetworkHash - 1 = 0.568 (-0.051)"
162.45,160.36,167.72,0.3676555973367167,0.3219624473790952,0.3170119853681072,0.93681163146833,0.9374856137198178,0.9380391515530153,0.008036739380022894,0.014351320321469577,0.013777267508610806,0.0010520227417550863,2.0825733661499588E-4,0.0,0.5684024438034827,0.5604508186735758,0.5536580507035629,0.041995562204105684,0.03152186911848803,0.03208504929606461,0.12468210955433426,0.12535122727142844,0.12432492927830535,359.0,253.0,297.0,61.264623955431745,152.92885375494072,180.74747474747474,53.1782729805014,122.0909090909091,4992.86531986532,0.2465370473537604,0.17142094861660076,0.1880949494949495,1/26/20 12:00 AM,169.95,174.61689353154173,"Price - 0 = 167.720 (0.916); likes_avg - 0 = 180.747 (0.129); Price - 1 = 160.360 (0.123)","likes_avg - 2 = 61.265 (-0.064); NetworkHash - 1 = 0.560 (-0.060); count - 1 = 253 (-0.057)"
160.36,167.72,169.95,0.3219624473790952,0.3170119853681072,0.3523845046683094,0.9374856137198178,0.9380391515530153,0.9388061687670813,0.014351320321469577,0.013777267508610806,0.008610792192881665,2.0825733661499588E-4,0.0,0.0013795535136084474,0.5604508186735758,0.5536580507035629,0.5591734404833175,0.03152186911848803,0.03208504929606461,0.03909517178566163,0.12535122727142844,0.12432492927830535,0.1285277505262456,253.0,297.0,413.0,152.92885375494072,180.74747474747474,96.20823244552058,122.0909090909091,4992.86531986532,103.13559322033899,0.17142094861660076,0.1880949494949495,0.12941113801452786,1/27/20 12:00 AM,176.0,176.40843564995697,"Price - 0 = 169.950 (0.930); Price - 1 = 167.720 (0.109); likes_avg - 0 = 96.208 (0.106)","likes_avg - 2 = 152.929 (-0.079); NetworkHash - 1 = 0.554 (-0.066); count - 1 = 297 (-0.064)"
167.72,169.95,176.0,0.3170119853681072,0.3523845046683094,0.38927048906204464,0.9380391515530153,0.9388061687670813,0.9394321107897404,0.013777267508610806,0.008610792192881665,0.008610792192881665,0.0,0.0013795535136084474,0.0012110735013766965,0.5536580507035629,0.5591734404833175,0.5481238222307485,0.03208504929606461,0.03909517178566163,0.04354293456923668,0.12432492927830535,0.1285277505262456,0.12423206240653782,297.0,413.0,480.0,180.74747474747474,96.20823244552058,46.1875,4992.86531986532,103.13559322033899,82.67083333333333,0.1880949494949495,0.12941113801452786,0.19907895833333333,1/28/20 12:00 AM,173.55,176.68821931609085,"Price - 0 = 176 (0.929); likes_avg - 0 = 46.188 (0.126); Price - 1 = 169.950 (0.104)","likes_avg - 2 = 180.747 (-0.071); NetworkHash - 1 = 0.559 (-0.058); AddressCount - 2 = 0.938 (-0.053)"
169.95,176.0,173.55,0.3523845046683094,0.38927048906204464,0.40799044314643534,0.9388061687670813,0.9394321107897404,0.9399970010060286,0.008610792192881665,0.008610792192881665,0.007462686567164123,0.0013795535136084474,0.0012110735013766965,0.001325989120402579,0.5591734404833175,0.5481238222307485,0.5615048703912031,0.03909517178566163,0.04354293456923668,0.045057945011844985,0.1285277505262456,0.12423206240653782,0.12890636161883626,413.0,480.0,439.0,96.20823244552058,46.1875,46.18451025056947,103.13559322033899,82.67083333333333,244.85649202733487,0.12941113801452786,0.19907895833333333,0.18922847380410016,1/29/20 12:00 AM,184.47,177.90054828978276,"Price - 0 = 173.550 (0.940); likes_avg - 0 = 46.185 (0.118); BlockTime - 0 = 0.007 (0.088)","likes_avg - 2 = 96.208 (-0.076); NetworkHash - 1 = 0.548 (-0.058); NetworkHash - 0 = 0.562 (-0.057)"
176.0,173.55,184.47,0.38927048906204464,0.40799044314643534,0.41875970015446096,0.9394321107897404,0.9399970010060286,0.9406137737961914,0.008610792192881665,0.007462686567164123,0.0177956371986222,0.0012110735013766965,0.001325989120402579,0.0018762786065221863,0.5481238222307485,0.5615048703912031,0.5473742570421548,0.04354293456923668,0.045057945011844985,0.05184656870145264,0.12423206240653782,0.12890636161883626,0.12199611387859681,480.0,439.0,473.0,46.1875,46.18451025056947,59.600422832980975,82.67083333333333,244.85649202733487,98.71035940803381,0.19907895833333333,0.18922847380410016,0.17917547568710354,1/30/20 12:00 AM,179.76,180.155800856437,"Price - 0 = 184.470 (0.935); likes_avg - 0 = 59.600 (0.137); Price - 1 = 173.550 (0.091)","NetworkHash - 0 = 0.547 (-0.072); likes_avg - 2 = 46.188 (-0.066); NetworkHash - 1 = 0.562 (-0.052)"
173.55,184.47,179.76,0.40799044314643534,0.41875970015446096,0.43159263837527556,0.9399970010060286,0.9406137737961914,0.9411955943453387,0.007462686567164123,0.0177956371986222,0.011481056257175621,0.001325989120402579,0.0018762786065221863,0.0017646817608770787,0.5615048703912031,0.5473742570421548,0.5539266521726077,0.045057945011844985,0.05184656870145264,0.0511890759192035,0.12890636161883626,0.12199611387859681,0.12749192772576173,439.0,473.0,421.0,46.18451025056947,59.600422832980975,44.161520190023744,244.85649202733487,98.71035940803381,127.19714964370544,0.18922847380410016,0.17917547568710354,0.1887520190023753,1/31/20 12:00 AM,183.66,188.44594836400023,"Price - 0 = 179.760 (0.951); likes_avg - 0 = 44.162 (0.128); BlockTime - 0 = 0.011 (0.082)","likes_avg - 2 = 46.185 (-0.055); NetworkHash - 0 = 0.554 (-0.052); NetworkHash - 1 = 0.547 (-0.044)"
184.47,179.76,183.66,0.41875970015446096,0.43159263837527556,0.40371329142693585,0.9406137737961914,0.9411955943453387,0.9418346789345758,0.0177956371986222,0.011481056257175621,0.013203214695751933,0.0018762786065221863,0.0017646817608770787,0.0020313602902325523,0.5473742570421548,0.5539266521726077,0.544899527921952,0.05184656870145264,0.0511890759192035,0.04587557650344522,0.12199611387859681,0.12749192772576173,0.12271523683433502,473.0,421.0,248.0,59.600422832980975,44.161520190023744,50.875,98.71035940803381,127.19714964370544,167.15725806451613,0.17917547568710354,0.1887520190023753,0.24470604838709675,2/1/20 12:00 AM,188.39,189.35814148911408,"Price - 0 = 183.660 (0.942); likes_avg - 0 = 50.875 (0.129); BlockTime - 0 = 0.013 (0.080)","NetworkHash - 0 = 0.545 (-0.066); likes_avg - 2 = 59.600 (-0.060); NetworkHash - 1 = 0.554 (-0.056)"
179.76,183.66,188.39,0.43159263837527556,0.40371329142693585,0.3920957227741274,0.9411955943453387,0.9418346789345758,0.9424738290183308,0.011481056257175621,0.013203214695751933,0.009184845005740537,0.0017646817608770787,0.0020313602902325523,0.0018590425442018754,0.5539266521726077,0.544899527921952,0.5620978487471076,0.0511890759192035,0.04587557650344522,0.04654165936891919,0.12749192772576173,0.12271523683433502,0.12722047071597978,421.0,248.0,288.0,44.161520190023744,50.875,125.94097222222223,127.19714964370544,167.15725806451613,106.48958333333331,0.1887520190023753,0.24470604838709675,0.14895312499999994,2/2/20 12:00 AM,189.77,196.65175016948155,"Price - 0 = 188.390 (0.947); likes_avg - 0 = 125.941 (0.124); BlockTime - 0 = 0.009 (0.068)","NetworkHash - 0 = 0.562 (-0.073); likes_avg - 2 = 44.162 (-0.053); NetworkHash - 1 = 0.545 (-0.047)"
183.66,188.39,189.77,0.40371329142693585,0.3920957227741274,0.4596469866769097,0.9418346789345758,0.9424738290183308,0.9430924902337576,0.013203214695751933,0.009184845005740537,0.006888633754305352,0.0020313602902325523,0.0018590425442018754,0.0026979349945752246,0.544899527921952,0.5620978487471076,0.5606706690070894,0.04587557650344522,0.04654165936891919,0.054037553493964996,0.12271523683433502,0.12722047071597978,0.12799436131404243,248.0,288.0,375.0,50.875,125.94097222222223,60.42933333333333,167.15725806451613,106.48958333333331,51.00266666666667,0.24470604838709675,0.14895312499999994,0.19725466666666666,2/3/20 12:00 AM,188.44,193.99972778118348,"Price - 0 = 189.770 (0.951); likes_avg - 0 = 60.429 (0.133); BlockTime - 0 = 0.007 (0.071)","NetworkHash - 0 = 0.561 (-0.068); NetworkHash - 1 = 0.562 (-0.058); likes_avg - 2 = 50.875 (-0.045)"
188.39,189.77,188.44,0.3920957227741274,0.4596469866769097,0.3879298007283319,0.9424738290183308,0.9430924902337576,0.9436215112857806,0.009184845005740537,0.006888633754305352,0.0057405281285878105,0.0018590425442018754,0.0026979349945752246,0.004699543250032073,0.5620978487471076,0.5606706690070894,0.5717738565815983,0.04654165936891919,0.054037553493964996,0.059795144968731444,0.12722047071597978,0.12799436131404243,0.13269961615026335,288.0,375.0,420.0,125.94097222222223,60.42933333333333,38.03333333333333,106.48958333333331,51.00266666666667,44.86666666666667,0.14895312499999994,0.19725466666666666,0.19694738095238096,2/4/20 12:00 AM,203.85,197.25019700058868,"Price - 0 = 188.440 (0.955); likes_avg - 0 = 38.033 (0.121); BlockTime - 0 = 0.006 (0.070)","NetworkHash - 0 = 0.572 (-0.074); NetworkHash - 1 = 0.561 (-0.054); likes_avg - 2 = 125.941 (-0.049)"
189.77,188.44,203.85,0.4596469866769097,0.3879298007283319,0.45192690579069095,0.9430924902337576,0.9436215112857806,0.9442324987268684,0.006888633754305352,0.0057405281285878105,0.01664753157290466,0.0026979349945752246,0.004699543250032073,0.005456330863346387,0.5606706690070894,0.5717738565815983,0.5620215379774538,0.054037553493964996,0.059795144968731444,0.07388436452947932,0.12799436131404243,0.13269961615026335,0.12439874653535132,375.0,420.0,527.0,60.42933333333333,38.03333333333333,75.46489563567363,51.00266666666667,44.86666666666667,86.4819734345351,0.19725466666666666,0.19694738095238096,0.2128286527514231,2/5/20 12:00 AM,212.88,201.78831486382654,"Price - 0 = 203.850 (0.934); likes_avg - 0 = 75.465 (0.093); AddressCount - 1 = 0.944 (0.068)","NetworkHash - 1 = 0.572 (-0.083); NetworkHash - 0 = 0.562 (-0.082); count - 1 = 420 (-0.054)"
188.44,203.85,212.88,0.3879298007283319,0.45192690579069095,0.4487568600901257,0.9436215112857806,0.9442324987268684,0.9448717470524001,0.0057405281285878105,0.01664753157290466,0.006888633754305352,0.004699543250032073,0.005456330863346387,0.006068655759717902,0.5717738565815983,0.5620215379774538,0.565014772984454,0.059795144968731444,0.07388436452947932,0.08186646615621848,0.13269961615026335,0.12439874653535132,0.12884683157283144,420.0,527.0,488.0,38.03333333333333,75.46489563567363,124.3155737704918,44.86666666666667,86.4819734345351,58.19262295081968,0.19694738095238096,0.2128286527514231,0.2663663934426229,2/6/20 12:00 AM,223.14,226.13477781579962,"Price - 0 = 212.880 (0.923); likes_avg - 0 = 124.316 (0.093); BlockTime - 0 = 0.007 (0.067)","NetworkHash - 1 = 0.562 (-0.073); NetworkHash - 0 = 0.565 (-0.062); NetworkHash - 2 = 0.572 (-0.052)"
203.85,212.88,223.14,0.45192690579069095,0.4487568600901257,0.46339987586768416,0.9442324987268684,0.9448717470524001,0.9456148151044461,0.01664753157290466,0.006888633754305352,0.010332950631458079,0.005456330863346387,0.006068655759717902,0.006190288032617379,0.5620215379774538,0.565014772984454,0.5641387328534769,0.07388436452947932,0.08186646615621848,0.08234784124083462,0.12439874653535132,0.12884683157283144,0.1289563668574803,527.0,488.0,491.0,75.46489563567363,124.3155737704918,60.219959266802434,86.4819734345351,58.19262295081968,145.20162932790225,0.2128286527514231,0.2663663934426229,0.2213136456211812,2/7/20 12:00 AM,223.2,233.48464672618678,"Price - 0 = 223.140 (0.881); likes_avg - 0 = 60.220 (0.088); BlockReward - 0 = 0.129 (0.082)","NetworkHash - 2 = 0.562 (-0.101); NetworkHash - 1 = 0.565 (-0.092); NetworkHash - 0 = 0.564 (-0.077)"
212.88,223.14,223.2,0.4487568600901257,0.46339987586768416,0.4896478542683646,0.9448717470524001,0.9456148151044461,0.9469103949089103,0.006888633754305352,0.010332950631458079,0.012629161882893163,0.006068655759717902,0.006190288032617379,0.004675929150120928,0.565014772984454,0.5641387328534769,0.573622186987873,0.08186646615621848,0.08234784124083462,0.06656406842994401,0.12884683157283144,0.1289563668574803,0.12514406271133166,488.0,491.0,360.0,124.3155737704918,60.219959266802434,82.2638888888889,58.19262295081968,145.20162932790225,150.18888888888893,0.2663663934426229,0.2213136456211812,0.1721697222222222,2/8/20 12:00 AM,228.6,230.96722377256623,"Price - 0 = 223.200 (0.890); likes_avg - 0 = 82.264 (0.095); BlockReward - 0 = 0.125 (0.092)","NetworkHash - 2 = 0.565 (-0.100); NetworkHash - 1 = 0.564 (-0.089); NetworkHash - 0 = 0.574 (-0.078)"
223.14,223.2,228.6,0.46339987586768416,0.4896478542683646,0.4651639784926303,0.9456148151044461,0.9469103949089103,0.947762893384498,0.010332950631458079,0.012629161882893163,0.013203214695751933,0.006190288032617379,0.004675929150120928,0.004192018440752409,0.5641387328534769,0.573622186987873,0.5646955695715857,0.08234784124083462,0.06656406842994401,0.061956402355339495,0.1289563668574803,0.12514406271133166,0.12428444884702207,491.0,360.0,403.0,60.219959266802434,82.2638888888889,91.68238213399506,145.20162932790225,150.18888888888893,70.30769230769229,0.2213136456211812,0.1721697222222222,0.16093449131513649,2/9/20 12:00 AM,223.11,223.74896888972393,"Price - 0 = 228.600 (0.882); BlockReward - 0 = 0.124 (0.129); likes_avg - 0 = 91.682 (0.107)","NetworkHash - 2 = 0.564 (-0.133); NetworkHash - 0 = 0.565 (-0.101); NetworkHash - 1 = 0.574 (-0.097)"
223.2,228.6,223.11,0.4896478542683646,0.4651639784926303,0.49492088233309434,0.9469103949089103,0.947762893384498,0.9488037104303545,0.012629161882893163,0.013203214695751933,0.0051664753157290395,0.004675929150120928,0.004192018440752409,0.004325533350807528,0.573622186987873,0.5646955695715857,0.571429149537536,0.06656406842994401,0.061956402355339495,0.06596114285827635,0.12514406271133166,0.12428444884702207,0.1305422472830487,360.0,403.0,323.0,82.2638888888889,91.68238213399506,52.1671826625387,150.18888888888893,70.30769230769229,264.69659442724463,0.1721697222222222,0.16093449131513649,0.1900625386996904,2/10/20 12:00 AM,237.8,225.91054945417812,"Price - 0 = 223.110 (0.904); likes_avg - 0 = 52.167 (0.093); BlockReward - 0 = 0.131 (0.078)","NetworkHash - 1 = 0.565 (-0.087); NetworkHash - 2 = 0.574 (-0.076); NetworkHash - 0 = 0.571 (-0.072)"
228.6,223.11,237.8,0.4651639784926303,0.49492088233309434,0.5249677248563469,0.947762893384498,0.9488037104303545,0.9496730628285307,0.013203214695751933,0.0051664753157290395,0.008610792192881665,0.004192018440752409,0.004325533350807528,0.0041542813019716995,0.5646955695715857,0.571429149537536,0.5777946025510264,0.061956402355339495,0.06596114285827635,0.07172035075133393,0.12428444884702207,0.1305422472830487,0.12816818904837649,403.0,323.0,387.0,91.68238213399506,52.1671826625387,101.64857881136949,70.30769230769229,264.69659442724463,98.25322997416019,0.16093449131513649,0.1900625386996904,0.22162041343669248,2/11/20 12:00 AM,266.13,226.1546953914421,"Price - 0 = 237.800 (0.878); BlockReward - 0 = 0.128 (0.149); likes_avg - 0 = 101.649 (0.130)","NetworkHash - 1 = 0.571 (-0.131); NetworkHash - 2 = 0.565 (-0.121); Price - 1 = 223.110 (-0.092)"
223.11,237.8,266.13,0.49492088233309434,0.5249677248563469,0.5908764972440994,0.9488037104303545,0.9496730628285307,0.9508007365207835,0.0051664753157290395,0.008610792192881665,0.015499425947187118,0.004325533350807528,0.0041542813019716995,0.0057808432658987274,0.571429149537536,0.5777946025510264,0.5811165160952089,0.06596114285827635,0.07172035075133393,0.10012413208439712,0.1305422472830487,0.12816818904837649,0.12627275238358304,323.0,387.0,358.0,52.1671826625387,101.64857881136949,128.39664804469274,264.69659442724463,98.25322997416019,222.6396648044693,0.1900625386996904,0.22162041343669248,0.19470642458100565,2/12/20 12:00 AM,268.56,255.26360097366518,"Price - 0 = 266.130 (0.923); likes_avg - 0 = 128.397 (0.148); TxGrowth - 0 = 0.591 (0.118)","Price - 1 = 237.800 (-0.101); NetworkHash - 0 = 0.581 (-0.093); NetworkHash - 1 = 0.578 (-0.075)"
237.8,266.13,268.56,0.5249677248563469,0.5908764972440994,0.5661100980971568,0.9496730628285307,0.9508007365207835,0.9520051042934156,0.008610792192881665,0.015499425947187118,0.012629161882893163,0.0041542813019716995,0.0057808432658987274,0.00639126643368971,0.5777946025510264,0.5811165160952089,0.590144377964804,0.07172035075133393,0.10012413208439712,0.0916275989376232,0.12816818904837649,0.12627275238358304,0.12667517549457563,387.0,358.0,454.0,101.64857881136949,128.39664804469274,80.90748898678414,98.25322997416019,222.6396648044693,108.15859030837005,0.22162041343669248,0.19470642458100565,0.19171167400881053,2/13/20 12:00 AM,285.79,244.86372461241803,"Price - 0 = 268.560 (0.927); likes_avg - 0 = 80.907 (0.150); TxGrowth - 0 = 0.566 (0.139)","NetworkHash - 0 = 0.590 (-0.096); Price - 1 = 266.130 (-0.096); AddressCount - 0 = 0.952 (-0.055)"
266.13,268.56,285.79,0.5908764972440994,0.5661100980971568,0.5713482741974594,0.9508007365207835,0.9520051042934156,0.9527744028998527,0.015499425947187118,0.012629161882893163,0.010332950631458079,0.0057808432658987274,0.00639126643368971,0.005681790841621211,0.5811165160952089,0.590144377964804,0.5953230071754776,0.10012413208439712,0.0916275989376232,0.08835880350805457,0.12627275238358304,0.12667517549457563,0.12989217918067608,358.0,454.0,431.0,128.39664804469274,80.90748898678414,71.86310904872391,222.6396648044693,108.15859030837005,51.17865429234339,0.19470642458100565,0.19171167400881053,0.2295361948955917,2/14/20 12:00 AM,264.85,265.75412447077355,"Price - 0 = 285.790 (0.913); likes_avg - 0 = 71.863 (0.134); TxGrowth - 0 = 0.571 (0.118)","Price - 1 = 268.560 (-0.108); NetworkHash - 0 = 0.595 (-0.104); likes_avg - 1 = 80.907 (-0.065)"
268.56,285.79,264.85,0.5661100980971568,0.5713482741974594,0.5174567557566918,0.9520051042934156,0.9527744028998527,0.9537938359856375,0.012629161882893163,0.010332950631458079,0.014351320321469577,0.00639126643368971,0.005681790841621211,0.006216018556968041,0.590144377964804,0.5953230071754776,0.5945084345006753,0.0916275989376232,0.08835880350805457,0.08412468818926805,0.12667517549457563,0.12989217918067608,0.12593462172227568,454.0,431.0,472.0,80.90748898678414,71.86310904872391,77.83050847457628,108.15859030837005,51.17865429234339,395.5021186440678,0.19171167400881053,0.2295361948955917,0.15695360169491526,2/15/20 12:00 AM,259.43,246.76870212822354,"Price - 0 = 264.850 (0.933); likes_avg - 0 = 77.831 (0.163); retweets_avg - 0 = 395.502 (0.120)","Price - 1 = 285.790 (-0.120); NetworkHash - 0 = 0.595 (-0.106); sentiment_avg - 1 = 0.230 (-0.090)"
285.79,264.85,259.43,0.5713482741974594,0.5174567557566918,0.4895299508142383,0.9527744028998527,0.9537938359856375,0.9544638776503025,0.010332950631458079,0.014351320321469577,0.0057405281285878105,0.005681790841621211,0.006216018556968041,0.0056135168805476875,0.5953230071754776,0.5945084345006753,0.5996460251221525,0.08835880350805457,0.08412468818926805,0.10035542938248498,0.12989217918067608,0.12593462172227568,0.13036127594319405,431.0,472.0,367.0,71.86310904872391,77.83050847457628,61.90190735694822,51.17865429234339,395.5021186440678,99.2425068119891,0.2295361948955917,0.15695360169491526,0.1907773841961853,2/16/20 12:00 AM,268.07,240.8687462227153,"Price - 0 = 259.430 (0.934); likes_avg - 0 = 61.902 (0.150); retweets_avg - 0 = 99.243 (0.115)","Price - 1 = 264.850 (-0.109); NetworkHash - 1 = 0.595 (-0.096); NetworkHash - 0 = 0.600 (-0.095)"
264.85,259.43,268.07,0.5174567557566918,0.4895299508142383,0.5146500603235598,0.9537938359856375,0.9544638776503025,0.9552702134065728,0.014351320321469577,0.0057405281285878105,0.015499425947187118,0.006216018556968041,0.0056135168805476875,0.004988302629670233,0.5945084345006753,0.5996460251221525,0.5982192956609735,0.08412468818926805,0.10035542938248498,0.08109989906250356,0.12593462172227568,0.13036127594319405,0.12484403127946737,472.0,367.0,442.0,77.83050847457628,61.90190735694822,75.36651583710406,395.5021186440678,99.2425068119891,199.0837104072398,0.15695360169491526,0.1907773841961853,0.1457339366515837,2/17/20 12:00 AM,282.92,241.74188837713695,"Price - 0 = 268.070 (0.938); likes_avg - 0 = 75.367 (0.154); retweets_avg - 0 = 199.084 (0.127)","NetworkHash - 0 = 0.598 (-0.103); Price - 1 = 259.430 (-0.099); likes_avg - 1 = 61.902 (-0.077)"
259.43,268.07,282.92,0.4895299508142383,0.5146500603235598,0.543285769053087,0.9544638776503025,0.9552702134065728,0.9562501642138588,0.0057405281285878105,0.015499425947187118,0.010332950631458079,0.0056135168805476875,0.004988302629670233,0.004148320623073531,0.5996460251221525,0.5982192956609735,0.6020150049723715,0.10035542938248498,0.08109989906250356,0.07574448648479624,0.13036127594319405,0.12484403127946737,0.12628942079646438,367.0,442.0,495.0,61.90190735694822,75.36651583710406,60.97979797979797,99.2425068119891,199.0837104072398,30.31111111111111,0.1907773841961853,0.1457339366515837,0.13241555555555554,2/18/20 12:00 AM,258.72,248.56538597007415,"Price - 0 = 282.920 (0.925); likes_avg - 0 = 60.980 (0.143); retweets_avg - 0 = 30.311 (0.111)","NetworkHash - 0 = 0.602 (-0.118); Price - 1 = 268.070 (-0.108); sentiment_avg - 1 = 0.146 (-0.067)"
268.07,282.92,258.72,0.5146500603235598,0.543285769053087,0.5149993214989904,0.9552702134065728,0.9562501642138588,0.9571992780189995,0.015499425947187118,0.010332950631458079,0.0040183696900114975,0.004988302629670233,0.004148320623073531,0.005108371799925816,0.5982192956609735,0.6020150049723715,0.6297306174425292,0.08109989906250356,0.07574448648479624,0.08259264111960118,0.12484403127946737,0.12628942079646438,0.13317347531646173,442.0,495.0,571.0,75.36651583710406,60.97979797979797,55.03152364273205,199.0837104072398,30.31111111111111,73.61295971978984,0.1457339366515837,0.13241555555555554,0.1619583187390542,2/19/20 12:00 AM,257.7,240.4704421179103,"Price - 0 = 258.720 (0.937); likes_avg - 0 = 55.032 (0.146); BlockTime - 0 = 0.004 (0.120)","Price - 1 = 282.920 (-0.111); NetworkHash - 0 = 0.630 (-0.079); NetworkHash - 1 = 0.602 (-0.078)"
282.92,258.72,257.7,0.543285769053087,0.5149993214989904,0.5103743916663762,0.9562501642138588,0.9571992780189995,0.9580110934832616,0.010332950631458079,0.0040183696900114975,0.014925373134328348,0.004148320623073531,0.005108371799925816,0.005028565485229918,0.6020150049723715,0.6297306174425292,0.6072494968170311,0.07574448648479624,0.08259264111960118,0.08700423936772593,0.12628942079646438,0.13317347531646173,0.12476783282058121,495.0,571.0,442.0,60.97979797979797,55.03152364273205,46.613122171945705,30.31111111111111,73.61295971978984,222.5656108597285,0.13241555555555554,0.1619583187390542,0.2192013574660633,2/20/20 12:00 AM,265.6,238.6103198707769,"Price - 0 = 257.700 (0.940); likes_avg - 0 = 46.613 (0.142); retweets_avg - 0 = 222.566 (0.125)","Price - 1 = 258.720 (-0.105); NetworkHash - 0 = 0.607 (-0.081); count - 1 = 571 (-0.066)"
258.72,257.7,265.6,0.5149993214989904,0.5103743916663762,0.49624229085669835,0.9571992780189995,0.9580110934832616,0.9589636348348355,0.0040183696900114975,0.014925373134328348,0.012629161882893163,0.005108371799925816,0.005028565485229918,0.002332505134738094,0.6297306174425292,0.6072494968170311,0.5977184591620518,0.08259264111960118,0.08700423936772593,0.05755234931723058,0.13317347531646173,0.12476783282058121,0.12419396317709475,571.0,442.0,398.0,55.03152364273205,46.613122171945705,67.51507537688443,73.61295971978984,222.5656108597285,241.6658291457286,0.1619583187390542,0.2192013574660633,0.14119045226130655,2/21/20 12:00 AM,262.31,242.00903447277045,"Price - 0 = 265.600 (0.936); likes_avg - 0 = 67.515 (0.158); retweets_avg - 0 = 241.666 (0.125)","Price - 1 = 257.700 (-0.098); NetworkHash - 0 = 0.598 (-0.094); sentiment_avg - 1 = 0.219 (-0.071)"
257.7,265.6,262.31,0.5103743916663762,0.49624229085669835,0.44827783096204027,0.9580110934832616,0.9589636348348355,0.9599027934732661,0.014925373134328348,0.012629161882893163,0.012629161882893163,0.005028565485229918,0.002332505134738094,0.0032625785497886217,0.6072494968170311,0.5977184591620518,0.6136545615225855,0.08700423936772593,0.05755234931723058,0.05133303840931546,0.12476783282058121,0.12419396317709475,0.12831344236062825,442.0,398.0,451.0,46.613122171945705,67.51507537688443,45.654101995565405,222.5656108597285,241.6658291457286,110.54323725055431,0.2192013574660633,0.14119045226130655,0.1505760532150776,2/22/20 12:00 AM,275.64,237.954263360958,"Price - 0 = 262.310 (0.940); likes_avg - 0 = 45.654 (0.144); BlockTime - 0 = 0.013 (0.114)","Price - 1 = 265.600 (-0.105); NetworkHash - 0 = 0.614 (-0.095); NetworkHash - 1 = 0.598 (-0.086)"
265.6,262.31,275.64,0.49624229085669835,0.44827783096204027,0.4485974308911499,0.9589636348348355,0.9599027934732661,0.9606758580144784,0.012629161882893163,0.012629161882893163,0.009184845005740537,0.002332505134738094,0.0032625785497886217,0.006047516928625944,0.5977184591620518,0.6136545615225855,0.6087530515556665,0.05755234931723058,0.05133303840931546,0.06081831937187107,0.12419396317709475,0.12831344236062825,0.1271514158626142,398.0,451.0,251.0,67.51507537688443,45.654101995565405,79.95617529880478,241.6658291457286,110.54323725055431,32.557768924302785,0.14119045226130655,0.1505760532150776,0.13166772908366536,2/23/20 12:00 AM,265.74,251.97825285957327,"Price - 0 = 275.640 (0.937); likes_avg - 0 = 79.956 (0.156); retweets_avg - 0 = 32.558 (0.112)","Price - 1 = 262.310 (-0.110); NetworkHash - 0 = 0.609 (-0.097); likes_avg - 1 = 45.654 (-0.075)"
262.31,275.64,265.74,0.44827783096204027,0.4485974308911499,0.508966965528441,0.9599027934732661,0.9606758580144784,0.9614795412427766,0.012629161882893163,0.009184845005740537,0.012629161882893163,0.0032625785497886217,0.006047516928625944,0.005134390037794426,0.6136545615225855,0.6087530515556665,0.6162951000785506,0.05133303840931546,0.06081831937187107,0.06893811884028347,0.12831344236062825,0.1271514158626142,0.12300336225699836,451.0,251.0,528.0,45.654101995565405,79.95617529880478,80.21401515151516,110.54323725055431,32.557768924302785,28.49621212121212,0.1505760532150776,0.13166772908366536,0.13802329545454545,2/24/20 12:00 AM,246.84,242.00450503991118,"Price - 0 = 265.740 (0.941); likes_avg - 0 = 80.214 (0.153); retweets_avg - 0 = 28.496 (0.113)","Price - 1 = 275.640 (-0.099); NetworkHash - 0 = 0.616 (-0.090); likes_avg - 1 = 79.956 (-0.061)"
275.64,265.74,246.84,0.4485974308911499,0.508966965528441,0.4960309544766607,0.9606758580144784,0.9614795412427766,0.9623108959048581,0.009184845005740537,0.012629161882893163,0.020091848450057386,0.006047516928625944,0.005134390037794426,0.00468838728188963,0.6087530515556665,0.6162951000785506,0.6001511629333496,0.06081831937187107,0.06893811884028347,0.0803269929621992,0.1271514158626142,0.12300336225699836,0.12277952928402024,251.0,528.0,538.0,79.95617529880478,80.21401515151516,82.9721189591078,32.557768924302785,28.49621212121212,43.89591078066915,0.13166772908366536,0.13802329545454545,0.12972825278810404,2/25/20 12:00 AM,223.73,220.91475363333842,"Price - 0 = 246.840 (0.921); likes_avg - 0 = 82.972 (0.157); BlockReward - 0 = 0.123 (0.112)","Price - 1 = 265.740 (-0.138); NetworkHash - 0 = 0.600 (-0.096); NetworkHash - 1 = 0.616 (-0.089)"
265.74,246.84,223.73,0.508966965528441,0.4960309544766607,0.5217413227877715,0.9614795412427766,0.9623108959048581,0.9634124482002494,0.012629161882893163,0.020091848450057386,0.006888633754305352,0.005134390037794426,0.00468838728188963,0.0074756303336844096,0.6162951000785506,0.6001511629333496,0.6081020747837139,0.06893811884028347,0.0803269929621992,0.14381784718329993,0.12300336225699836,0.12277952928402024,0.12916115021573688,528.0,538.0,496.0,80.21401515151516,82.9721189591078,57.699596774193544,28.49621212121212,43.89591078066915,33.66129032258065,0.13802329545454545,0.12972825278810404,0.16051633064516127,2/26/20 12:00 AM,227.57,223.38292251692286,"Price - 0 = 223.730 (0.905); likes_avg - 0 = 57.700 (0.126); TxGrowth - 0 = 0.522 (0.116)","retweets_avg - 1 = 43.896 (-0.112); NetworkHash - 1 = 0.600 (-0.097); NetworkHash - 0 = 0.608 (-0.070)"
246.84,223.73,227.57,0.4960309544766607,0.5217413227877715,0.5288251699404032,0.9623108959048581,0.9634124482002494,0.9644680124283707,0.020091848450057386,0.006888633754305352,0.011481056257175621,0.00468838728188963,0.0074756303336844096,0.004874363789166944,0.6001511629333496,0.6081020747837139,0.6287086247669453,0.0803269929621992,0.14381784718329993,0.09242140376945304,0.12277952928402024,0.12916115021573688,0.12652515977864348,538.0,496.0,474.0,82.9721189591078,57.699596774193544,84.65822784810126,43.89591078066915,33.66129032258065,199.08227848101262,0.12972825278810404,0.16051633064516127,0.1624185654008439,2/27/20 12:00 AM,227.56,223.75168989903426,"Price - 0 = 227.570 (0.900); likes_avg - 0 = 84.658 (0.131); TxGrowth - 0 = 0.529 (0.124)","NetworkHash - 0 = 0.629 (-0.088); retweets_avg - 1 = 33.661 (-0.083); Price - 1 = 223.730 (-0.073)"
223.73,227.57,227.56,0.5217413227877715,0.5288251699404032,0.5097025644372039,0.9634124482002494,0.9644680124283707,0.966033615214097,0.006888633754305352,0.011481056257175621,0.012055109070034391,0.0074756303336844096,0.004874363789166944,0.004796717345661926,0.6081020747837139,0.6287086247669453,0.6147412895564006,0.14381784718329993,0.09242140376945304,0.07853485029584228,0.12916115021573688,0.12652515977864348,0.12687043404547144,496.0,474.0,460.0,57.699596774193544,84.65822784810126,45.92608695652174,33.66129032258065,199.08227848101262,280.05217391304353,0.16051633064516127,0.1624185654008439,0.14781347826086955,2/28/20 12:00 AM,217.68,215.90543729278392,"Price - 0 = 227.560 (0.904); likes_avg - 0 = 45.926 (0.131); TxGrowth - 0 = 0.510 (0.106)","NetworkHash - 0 = 0.615 (-0.095); retweets_avg - 1 = 199.082 (-0.093); Price - 1 = 227.570 (-0.077)"
227.57,227.56,217.68,0.5288251699404032,0.5097025644372039,0.4591086350561821,0.9644680124283707,0.966033615214097,0.9669329313541807,0.011481056257175621,0.012055109070034391,0.010332950631458079,0.004874363789166944,0.004796717345661926,0.002873486391434635,0.6287086247669453,0.6147412895564006,0.6152321857780935,0.09242140376945304,0.07853485029584228,0.054771822865381736,0.12652515977864348,0.12687043404547144,0.1256560211069731,474.0,460.0,351.0,84.65822784810126,45.92608695652174,40.74074074074074,199.08227848101262,280.05217391304353,447.991452991453,0.1624185654008439,0.14781347826086955,0.2340552706552707,2/29/20 12:00 AM,218.02,213.32508059802598,"Price - 0 = 217.680 (0.928); likes_avg - 0 = 40.741 (0.105); BlockTime - 0 = 0.010 (0.093)","NetworkHash - 0 = 0.615 (-0.081); Price - 1 = 227.560 (-0.074); likes_avg - 2 = 84.658 (-0.065)"
227.56,217.68,218.02,0.5097025644372039,0.4591086350561821,0.4650668379109288,0.966033615214097,0.9669329313541807,0.9681366987603994,0.012055109070034391,0.010332950631458079,0.012055109070034391,0.004796717345661926,0.002873486391434635,0.0032673819193871226,0.6147412895564006,0.6152321857780935,0.6081336541368136,0.07853485029584228,0.054771822865381736,0.057952379340749004,0.12687043404547144,0.1256560211069731,0.12402966025012144,460.0,351.0,302.0,45.92608695652174,40.74074074074074,52.57947019867549,280.05217391304353,447.991452991453,447.51324503311264,0.14781347826086955,0.2340552706552707,0.06543013245033114,3/1/20 12:00 AM,232.09,210.2856428341674,"Price - 0 = 218.020 (0.917); BlockTime - 0 = 0.012 (0.106); likes_avg - 0 = 52.579 (0.103)","NetworkHash - 0 = 0.608 (-0.098); NetworkHash - 1 = 0.615 (-0.067); likes_avg - 2 = 45.926 (-0.063)"
217.68,218.02,232.09,0.4591086350561821,0.4650668379109288,0.5043509340697232,0.9669329313541807,0.9681366987603994,0.96913301228139,0.010332950631458079,0.012055109070034391,0.009184845005740537,0.002873486391434635,0.0032673819193871226,0.002939360149043186,0.6152321857780935,0.6081336541368136,0.6036707275910032,0.054771822865381736,0.057952379340749004,0.05958334800221704,0.1256560211069731,0.12402966025012144,0.1276324186343331,351.0,302.0,441.0,40.74074074074074,52.57947019867549,51.53514739229025,447.991452991453,447.51324503311264,96.25623582766441,0.2340552706552707,0.06543013245033114,0.1235387755102041,3/2/20 12:00 AM,223.77,215.25788742794788,"Price - 0 = 232.090 (0.900); likes_avg - 0 = 51.535 (0.146); BlockReward - 0 = 0.128 (0.119)","Price - 1 = 218.020 (-0.106); NetworkHash - 0 = 0.604 (-0.099); NetworkHash - 1 = 0.608 (-0.087)"
218.02,232.09,223.77,0.4650668379109288,0.5043509340697232,0.4894773021020184,0.9681366987603994,0.96913301228139,0.9704873843313601,0.012055109070034391,0.009184845005740537,0.011481056257175621,0.0032673819193871226,0.002939360149043186,0.0036365319695235783,0.6081336541368136,0.6036707275910032,0.6097576287168045,0.057952379340749004,0.05958334800221704,0.06285278828236421,0.12402966025012144,0.1276324186343331,0.12885159397651183,302.0,441.0,520.0,52.57947019867549,51.53514739229025,91.89807692307691,447.51324503311264,96.25623582766441,60.00192307692308,0.06543013245033114,0.1235387755102041,0.15307961538461548,3/3/20 12:00 AM,224.68,221.73818885699978,"Price - 0 = 223.770 (0.908); likes_avg - 0 = 91.898 (0.129); BlockReward - 0 = 0.129 (0.090)","retweets_avg - 1 = 96.256 (-0.112); NetworkHash - 1 = 0.604 (-0.089); NetworkHash - 0 = 0.610 (-0.079)"
232.09,223.77,224.68,0.5043509340697232,0.4894773021020184,0.49136598196151304,0.96913301228139,0.9704873843313601,0.9715000059872905,0.009184845005740537,0.011481056257175621,0.006888633754305352,0.002939360149043186,0.0036365319695235783,0.003854290689323359,0.6036707275910032,0.6097576287168045,0.6174939654598465,0.05958334800221704,0.06285278828236421,0.06348363779044482,0.1276324186343331,0.12885159397651183,0.13023983464934422,441.0,520.0,555.0,51.53514739229025,91.89807692307691,95.62162162162164,96.25623582766441,60.00192307692308,91.82882882882885,0.1235387755102041,0.15307961538461548,0.17813549549549546,3/4/20 12:00 AM,228.7,222.95186785773507,"Price - 0 = 224.680 (0.907); likes_avg - 0 = 95.622 (0.128); BlockReward - 0 = 0.130 (0.112)","retweets_avg - 1 = 60.002 (-0.093); NetworkHash - 0 = 0.617 (-0.087); NetworkHash - 1 = 0.610 (-0.077)"
223.77,224.68,228.7,0.4894773021020184,0.49136598196151304,0.533001473422411,0.9704873843313601,0.9715000059872905,0.9724200074792556,0.011481056257175621,0.006888633754305352,0.024110218140068886,0.0036365319695235783,0.003854290689323359,0.004503318845397112,0.6097576287168045,0.6174939654598465,0.6118913179287171,0.06285278828236421,0.06348363779044482,0.0732474668982428,0.12885159397651183,0.13023983464934422,0.11891960110106774,520.0,555.0,466.0,91.89807692307691,95.62162162162164,107.568669527897,60.00192307692308,91.82882882882885,478.9420600858369,0.15307961538461548,0.17813549549549546,0.20412575107296133,3/5/20 12:00 AM,245.76,219.992234977215,"Price - 0 = 228.700 (0.902); likes_avg - 0 = 107.569 (0.130); TxGrowth - 0 = 0.533 (0.118)","NetworkHash - 0 = 0.612 (-0.107); Price - 1 = 224.680 (-0.083); NetworkHash - 1 = 0.617 (-0.076)"
224.68,228.7,245.76,0.49136598196151304,0.533001473422411,0.5008820513124731,0.9715000059872905,0.9724200074792556,0.9735931671141416,0.006888633754305352,0.024110218140068886,0.0057405281285878105,0.003854290689323359,0.004503318845397112,0.004162801139762395,0.6174939654598465,0.6118913179287171,0.6025958254615681,0.06348363779044482,0.0732474668982428,0.06762727709324552,0.13023983464934422,0.11891960110106774,0.13118517177990074,555.0,466.0,452.0,95.62162162162164,107.568669527897,84.36725663716814,91.82882882882885,478.9420600858369,142.19026548672562,0.17813549549549546,0.20412575107296133,0.15696858407079647,3/6/20 12:00 AM,237.78,220.27494424746504,"Price - 0 = 245.760 (0.915); likes_avg - 0 = 84.367 (0.149); BlockTime - 0 = 0.006 (0.099)","Price - 1 = 228.700 (-0.138); NetworkHash - 0 = 0.603 (-0.104); NetworkHash - 1 = 0.612 (-0.089)"
228.7,245.76,237.78,0.533001473422411,0.5008820513124731,0.46691473355673196,0.9724200074792556,0.9735931671141416,0.9744418232446833,0.024110218140068886,0.0057405281285878105,0.006888633754305352,0.004503318845397112,0.004162801139762395,0.0039342524990670985,0.6118913179287171,0.6025958254615681,0.6124096767649925,0.0732474668982428,0.06762727709324552,0.06211871510675847,0.11891960110106774,0.13118517177990074,0.1285229881225652,466.0,452.0,477.0,107.568669527897,84.36725663716814,95.65199161425578,478.9420600858369,142.19026548672562,400.9433962264151,0.20412575107296133,0.15696858407079647,0.13995953878406708,3/7/20 12:00 AM,199.68,222.9883768356139,"Price - 0 = 237.780 (0.910); likes_avg - 0 = 95.652 (0.153); BlockReward - 0 = 0.129 (0.111)","Price - 1 = 245.760 (-0.104); NetworkHash - 1 = 0.603 (-0.103); NetworkHash - 0 = 0.612 (-0.080)"
245.76,237.78,199.68,0.5008820513124731,0.46691473355673196,0.4903270968091173,0.9735931671141416,0.9744418232446833,0.9753915810792494,0.0057405281285878105,0.006888633754305352,0.0063145809414465815,0.004162801139762395,0.0039342524990670985,0.006123420420917526,0.6025958254615681,0.6124096767649925,0.6281263030102371,0.06762727709324552,0.06211871510675847,0.11537973492828685,0.13118517177990074,0.1285229881225652,0.1302779338787873,452.0,477.0,465.0,84.36725663716814,95.65199161425578,57.972043010752685,142.19026548672562,400.9433962264151,208.33118279569888,0.15696858407079647,0.13995953878406708,0.13934602150537634,3/8/20 12:00 AM,203.08,204.29245729955977,"Price - 0 = 199.680 (0.950); likes_avg - 0 = 57.972 (0.107); TxGrowth - 0 = 0.490 (0.077)","Price - 1 = 237.780 (-0.086); NetworkHash - 0 = 0.628 (-0.081); NetworkHash - 1 = 0.612 (-0.080)"
237.78,199.68,203.08,0.46691473355673196,0.4903270968091173,0.5804379631325539,0.9744418232446833,0.9753915810792494,0.9764136339457474,0.006888633754305352,0.0063145809414465815,0.018943742824339846,0.0039342524990670985,0.006123420420917526,0.007379633678912331,0.6124096767649925,0.6281263030102371,0.6143321770881514,0.06211871510675847,0.11537973492828685,0.12675639903401745,0.1285229881225652,0.1302779338787873,0.12236996256750707,477.0,465.0,640.0,95.65199161425578,57.972043010752685,80.059375,400.9433962264151,208.33118279569888,412.3859375,0.13995953878406708,0.13934602150537634,0.10500390625,3/9/20 12:00 AM,200.62,201.90021870496815,"Price - 0 = 203.080 (0.931); TxGrowth - 0 = 0.580 (0.154); likes_avg - 0 = 80.059 (0.109)","NetworkHash - 0 = 0.614 (-0.080); NetworkHash - 1 = 0.628 (-0.064); Price - 1 = 199.680 (-0.056)"
199.68,203.08,200.62,0.4903270968091173,0.5804379631325539,0.5630142055123943,0.9753915810792494,0.9764136339457474,0.9774895669689141,0.0063145809414465815,0.018943742824339846,0.011481056257175621,0.006123420420917526,0.007379633678912331,0.004513155219296328,0.6281263030102371,0.6143321770881514,0.6157649900463209,0.11537973492828685,0.12675639903401745,0.07940091695268241,0.1302779338787873,0.12236996256750707,0.12775862233186333,465.0,640.0,543.0,57.972043010752685,80.059375,90.02762430939227,208.33118279569888,412.3859375,782.1362799263353,0.13934602150537634,0.10500390625,0.16008876611418052,3/10/20 12:00 AM,194.86,196.96297473020053,"Price - 0 = 200.620 (0.944); likes_avg - 0 = 90.028 (0.114); Price - 2 = 199.680 (0.104)","NetworkHash - 0 = 0.616 (-0.073); NetworkHash - 1 = 0.614 (-0.069); sentiment_avg - 1 = 0.105 (-0.048)"
203.08,200.62,194.86,0.5804379631325539,0.5630142055123943,0.527774420289479,0.9764136339457474,0.9774895669689141,0.9785974176537701,0.018943742824339846,0.011481056257175621,0.008610792192881665,0.007379633678912331,0.004513155219296328,0.005967818774930779,0.6143321770881514,0.6157649900463209,0.6064004345409854,0.12675639903401745,0.07940091695268241,0.0993115619472082,0.12236996256750707,0.12775862233186333,0.1286277610035337,640.0,543.0,632.0,80.059375,90.02762430939227,72.94303797468355,412.3859375,782.1362799263353,485.1803797468354,0.10500390625,0.16008876611418052,0.09325648734177214,3/11/20 12:00 AM,109.78,191.42453238579577,"Price - 0 = 194.860 (0.951); likes_avg - 0 = 72.943 (0.125); BlockTime - 0 = 0.009 (0.089)","NetworkHash - 1 = 0.616 (-0.074); NetworkHash - 0 = 0.606 (-0.071); Price - 1 = 200.620 (-0.036)"
200.62,194.86,109.78,0.5630142055123943,0.527774420289479,0.5631573210258936,0.9774895669689141,0.9785974176537701,0.979328139989205,0.011481056257175621,0.008610792192881665,0.013777267508610806,0.004513155219296328,0.005967818774930779,0.07571060221916487,0.6157649900463209,0.6064004345409854,0.614562234080069,0.07940091695268241,0.0993115619472082,0.8720230585811156,0.12775862233186333,0.1286277610035337,0.12673946794426083,543.0,632.0,821.0,90.02762430939227,72.94303797468355,96.44701583434835,782.1362799263353,485.1803797468354,1090.6065773447017,0.16008876611418052,0.09325648734177214,0.1095395858708891,3/12/20 12:00 AM,135.44,132.08897251847333,"Price - 0 = 109.780 (0.720); Price - 2 = 200.620 (0.233); BlockTime - 0 = 0.014 (0.181)","BlockTime - 1 = 0.009 (-0.158); retweets_avg - 1 = 485.180 (-0.063); NetworkHash - 1 = 0.606 (-0.054)"
194.86,109.78,135.44,0.527774420289479,0.5631573210258936,0.6277936259464718,0.9785974176537701,0.979328139989205,0.9804819241625661,0.008610792192881665,0.013777267508610806,0.024110218140068886,0.005967818774930779,0.07571060221916487,0.08306747874307414,0.6064004345409854,0.614562234080069,0.593118338535934,0.0993115619472082,0.8720230585811156,0.8364309056857884,0.1286277610035337,0.12673946794426083,0.11871719894465134,632.0,821.0,908.0,72.94303797468355,96.44701583434835,85.99449339207048,485.1803797468354,1090.6065773447017,1718.613436123348,0.09325648734177214,0.1095395858708891,0.08625638766519825,3/13/20 12:00 AM,122.58,135.13912991366482,"Price - 0 = 135.440 (0.930); Price - 2 = 194.860 (0.180); likes_avg - 0 = 85.994 (0.116)","NetworkHash - 0 = 0.593 (-0.068); NetworkHash - 1 = 0.615 (-0.047); BlockReward - 0 = 0.119 (-0.045)"
109.78,135.44,122.58,0.5631573210258936,0.6277936259464718,0.5046126945685068,0.979328139989205,0.9804819241625661,0.9828551398476604,0.013777267508610806,0.024110218140068886,0.011481056257175621,0.07571060221916487,0.08306747874307414,0.01002067110223905,0.614562234080069,0.593118338535934,0.5835177889161175,0.8720230585811156,0.8364309056857884,0.09910082956008666,0.12673946794426083,0.11871719894465134,0.1259250969149149,821.0,908.0,488.0,96.44701583434835,85.99449339207048,130.34426229508196,1090.6065773447017,1718.613436123348,1703.0389344262296,0.1095395858708891,0.08625638766519825,0.09436803278688524,3/14/20 12:00 AM,123.53,129.96488636571115,"Price - 0 = 122.580 (0.858); Price - 1 = 135.440 (0.197); likes_avg - 0 = 130.344 (0.118)","likes_avg - 2 = 96.447 (-0.061); count - 1 = 908 (-0.054); NetworkHash - 1 = 0.593 (-0.053)"
135.44,122.58,123.53,0.6277936259464718,0.5046126945685068,0.48668469576088885,0.9804819241625661,0.9828551398476604,0.9852239783158131,0.024110218140068886,0.011481056257175621,0.009184845005740537,0.08306747874307414,0.01002067110223905,0.007556069550328103,0.593118338535934,0.5835177889161175,0.5877578974122506,0.8364309056857884,0.09910082956008666,0.08841167495018741,0.11871719894465134,0.1259250969149149,0.1280038861214032,908.0,488.0,779.0,85.99449339207048,130.34426229508196,108.2785622593068,1718.613436123348,1703.0389344262296,936.3697047496789,0.08625638766519825,0.09436803278688524,0.07818125802310655,3/15/20 12:00 AM,111.32,131.84615963908976,"Price - 0 = 123.530 (0.888); Price - 1 = 122.580 (0.134); BlockTime - 0 = 0.009 (0.115)","count - 1 = 488 (-0.063); sentiment_avg - 1 = 0.094 (-0.052); NetworkHash - 1 = 0.584 (-0.052)"
122.58,123.53,111.32,0.5046126945685068,0.48668469576088885,0.5804446369129761,0.9828551398476604,0.9852239783158131,0.9870989444565118,0.011481056257175621,0.009184845005740537,0.012629161882893163,0.01002067110223905,0.007556069550328103,0.024020913216771737,0.5835177889161175,0.5877578974122506,0.5909216478097591,0.09910082956008666,0.08841167495018741,0.2480597492043832,0.1259250969149149,0.1280038861214032,0.12571793235481812,488.0,779.0,669.0,130.34426229508196,108.2785622593068,169.31390134529147,1703.0389344262296,936.3697047496789,1200.1748878923768,0.09436803278688524,0.07818125802310655,0.11074289985052316,3/16/20 12:00 AM,116.3,117.47767581210604,"Price - 0 = 111.320 (0.800); Price - 1 = 123.530 (0.206); BlockTime - 0 = 0.013 (0.125)","NetworkHash - 1 = 0.588 (-0.076); sentiment_avg - 1 = 0.078 (-0.061); BlockReward - 0 = 0.126 (-0.058)"
123.53,111.32,116.3,0.48668469576088885,0.5804446369129761,0.564876931781358,0.9852239783158131,0.9870989444565118,0.9890641183797692,0.009184845005740537,0.012629161882893163,0.009758897818599309,0.007556069550328103,0.024020913216771737,0.01224009008080283,0.5877578974122506,0.5909216478097591,0.5744015929529371,0.08841167495018741,0.2480597492043832,0.12874354754083617,0.1280038861214032,0.12571793235481812,0.12789196963491414,779.0,669.0,881.0,108.2785622593068,169.31390134529147,74.81611804767309,936.3697047496789,1200.1748878923768,251.77525539160047,0.07818125802310655,0.11074289985052316,0.1340320090805903,3/17/20 12:00 AM,118.62,121.20329256381041,"Price - 0 = 116.300 (0.866); BlockTime - 0 = 0.010 (0.125); likes_avg - 0 = 74.816 (0.096)","NetworkHash - 0 = 0.574 (-0.070); BlockReward - 0 = 0.128 (-0.060); NetworkHash - 1 = 0.591 (-0.058)"
111.32,116.3,118.62,0.5804446369129761,0.564876931781358,0.5688344835717479,0.9870989444565118,0.9890641183797692,0.990713346749012,0.012629161882893163,0.009758897818599309,0.007462686567164123,0.024020913216771737,0.01224009008080283,0.008996405574312688,0.5909216478097591,0.5744015929529371,0.5891131944625819,0.2480597492043832,0.12874354754083617,0.10384933058260602,0.12571793235481812,0.12789196963491414,0.1296516777948166,669.0,881.0,844.0,169.31390134529147,74.81611804767309,129.22393364928908,1200.1748878923768,251.77525539160047,787.8258293838862,0.11074289985052316,0.1340320090805903,0.09805284360189576,3/18/20 12:00 AM,136.7,124.97901687004736,"Price - 0 = 118.620 (0.880); retweets_avg - 0 = 787.826 (0.118); Price - 1 = 116.300 (0.107)","NetworkHash - 0 = 0.589 (-0.063); NetworkHash - 1 = 0.574 (-0.059); BlockReward - 0 = 0.130 (-0.041)"
116.3,118.62,136.7,0.564876931781358,0.5688344835717479,0.6397100316559652,0.9890641183797692,0.990713346749012,0.9918313599998847,0.009758897818599309,0.007462686567164123,0.012055109070034391,0.01224009008080283,0.008996405574312688,0.011800831393645994,0.5744015929529371,0.5891131944625819,0.5909024856055515,0.12874354754083617,0.10384933058260602,0.15070067665310266,0.12789196963491414,0.1296516777948166,0.12873967749002277,881.0,844.0,715.0,74.81611804767309,129.22393364928908,165.55664335664338,251.77525539160047,787.8258293838862,1270.6125874125873,0.1340320090805903,0.09805284360189576,0.12941104895104893,3/19/20 12:00 AM,133.4,136.955523623872,"Price - 0 = 136.700 (0.940); BlockTime - 0 = 0.012 (0.111); likes_avg - 0 = 165.557 (0.097)","NetworkHash - 0 = 0.591 (-0.071); sentiment_avg - 1 = 0.098 (-0.057); likes_avg - 2 = 74.816 (-0.049)"
118.62,136.7,133.4,0.5688344835717479,0.6397100316559652,0.6086702789121144,0.990713346749012,0.9918313599998847,0.9936216853920405,0.007462686567164123,0.012055109070034391,0.019517795637198618,0.008996405574312688,0.011800831393645994,0.009696385073522735,0.5891131944625819,0.5909024856055515,0.5880647763011533,0.10384933058260602,0.15070067665310266,0.1226543402581701,0.1296516777948166,0.12873967749002277,0.12591795330939431,844.0,715.0,751.0,129.22393364928908,165.55664335664338,79.74300932090546,787.8258293838862,1270.6125874125873,1250.1225033288947,0.09805284360189576,0.12941104895104893,0.14323728362183755,3/20/20 12:00 AM,132.72,136.61154629967308,"Price - 0 = 133.400 (0.894); Price - 1 = 136.700 (0.168); BlockTime - 0 = 0.020 (0.111)","BlockReward - 0 = 0.126 (-0.058); AvgGasPrice - 0 = 0.010 (-0.054); NetworkHash - 1 = 0.591 (-0.054)"
136.7,133.4,132.72,0.6397100316559652,0.6086702789121144,0.6348796976925775,0.9918313599998847,0.9936216853920405,0.9958246480780345,0.012055109070034391,0.019517795637198618,0.013777267508610806,0.011800831393645994,0.009696385073522735,0.0054640037115247534,0.5909024856055515,0.5880647763011533,0.6085232717624336,0.15070067665310266,0.1226543402581701,0.08739822994487131,0.12873967749002277,0.12591795330939431,0.1326805665355418,715.0,751.0,781.0,165.55664335664338,79.74300932090546,117.14468629961588,1270.6125874125873,1250.1225033288947,1083.9001280409732,0.12941104895104893,0.14323728362183755,0.10709871959026886,3/21/20 12:00 AM,122.44,130.09270007700792,"Price - 0 = 132.720 (0.899); Price - 1 = 133.400 (0.163); BlockTime - 0 = 0.014 (0.110)","AvgGasPrice - 0 = 0.005 (-0.047); BlockReward - 0 = 0.133 (-0.046); likes_avg - 2 = 165.557 (-0.046)"
133.4,132.72,122.44,0.6086702789121144,0.6348796976925775,0.5523413475549123,0.9936216853920405,0.9958246480780345,0.9971880365399591,0.019517795637198618,0.013777267508610806,0.03616532721010328,0.009696385073522735,0.0054640037115247534,0.006029933300875958,0.5880647763011533,0.6085232717624336,0.5783402749230797,0.1226543402581701,0.08739822994487131,0.08448622326456709,0.12591795330939431,0.1326805665355418,0.12207707474116336,751.0,781.0,743.0,79.74300932090546,117.14468629961588,66.36204576043069,1250.1225033288947,1083.9001280409732,513.5639300134591,0.14323728362183755,0.10709871959026886,0.0465764468371467,3/22/20 12:00 AM,136.74,130.4951554408962,"Price - 0 = 122.440 (0.857); Price - 1 = 132.720 (0.191); BlockTime - 0 = 0.036 (0.111)","count - 1 = 781 (-0.058); BlockReward - 0 = 0.122 (-0.049); sentiment_avg - 1 = 0.107 (-0.045)"
132.72,122.44,136.74,0.6348796976925775,0.5523413475549123,0.5931574470861903,0.9958246480780345,0.9971880365399591,0.9988196577996586,0.013777267508610806,0.03616532721010328,0.011481056257175621,0.0054640037115247534,0.006029933300875958,0.007663786327764448,0.6085232717624336,0.5783402749230797,0.5918967644975005,0.08739822994487131,0.08448622326456709,0.09986029581573058,0.1326805665355418,0.12207707474116336,0.13431407099791406,781.0,743.0,735.0,117.14468629961588,66.36204576043069,107.6095238095238,1083.9001280409732,513.5639300134591,342.5795918367347,0.10709871959026886,0.0465764468371467,0.07772598639455781,3/23/20 12:00 AM,136.77,132.5739326088423,"Price - 0 = 136.740 (0.932); likes_avg - 0 = 107.610 (0.112); BlockTime - 0 = 0.011 (0.093)","NetworkHash - 0 = 0.592 (-0.084); sentiment_avg - 1 = 0.047 (-0.056); BlockReward - 0 = 0.134 (-0.056)"
