"Price - 0","TxGrowth - 0","AddressCount - 0","BlockTime - 0","AvgGasPrice - 0","NetworkHash - 0","TransactionFee - 0","BlockReward - 0","count - 0","likes_avg - 0","retweets_avg - 0","sentiment_avg - 0","Date(UTC)","Price_real (+1 day)","Price_predicted (+1 day)","Support Prediction","Contradict Prediction"
130.6,0.34495807012066937,0.9177018266235455,0.24512055109070036,0.004658912709283792,0.49797648796901445,0.0503073077492536,0.0,422.0,127.35308056872036,272.8696682464455,0.19383909952606632,1/1/20 12:00 AM,127.18,129.88112942458434,"Price - 0 = 130.600 (0.998); BlockReward - 0 = 0 (0.067); AddressCount - 0 = 0.918 (0.038)","likes_avg - 0 = 127.353 (-0.061); count - 0 = 422 (-0.060); AvgGasPrice - 0 = 0.005 (-0.046)"
127.18,0.373961578304578,0.9183513357568707,0.1188289322617681,0.0034814230511446094,0.5187181182235576,0.048556835318417535,0.05909428606806427,335.0,41.34328358208956,1009.3641791044777,0.210104776119403,1/2/20 12:00 AM,134.25,127.49922376715399,"Price - 0 = 127.180 (0.998); BlockReward - 0 = 0.059 (0.067); AddressCount - 0 = 0.918 (0.038)","likes_avg - 0 = 41.343 (-0.061); count - 0 = 335 (-0.060); AvgGasPrice - 0 = 0.003 (-0.046)"
134.25,0.4303194293769433,0.9191950579670691,0.008610792192881665,0.004477476783332966,0.5335775947521026,0.05741876634873441,0.12759670060673023,417.0,68.72422062350121,1419.8129496402878,0.23806690647482015,1/3/20 12:00 AM,134.33,135.96780837832432,"Price - 0 = 134.250 (0.998); BlockReward - 0 = 0.128 (0.067); AddressCount - 0 = 0.919 (0.038)","likes_avg - 0 = 68.724 (-0.061); count - 0 = 417 (-0.060); AvgGasPrice - 0 = 0.004 (-0.046)"
134.33,0.4135852957337488,0.9199824985549453,0.0040183696900114975,0.0025147414585302576,0.5612629590989422,0.04614655281362364,0.13029460229166864,372.0,32.70967741935484,252.94623655913975,0.17641075268817202,1/4/20 12:00 AM,135.44,133.7951871425936,"Price - 0 = 134.330 (0.998); BlockReward - 0 = 0.130 (0.067); AddressCount - 0 = 0.920 (0.038)","likes_avg - 0 = 32.710 (-0.061); count - 0 = 372 (-0.060); AvgGasPrice - 0 = 0.003 (-0.046)"
135.44,0.388069208586041,0.9206957011068606,0.014925373134328348,0.0026209722399362523,0.5433704746228301,0.044746036513403295,0.12273190524721637,266.0,62.14661654135338,271.2894736842105,0.09283233082706767,1/5/20 12:00 AM,144.28,134.51904782487725,"Price - 0 = 135.440 (0.998); BlockReward - 0 = 0.123 (0.067); AddressCount - 0 = 0.921 (0.038)","likes_avg - 0 = 62.147 (-0.061); count - 0 = 266 (-0.060); AvgGasPrice - 0 = 0.003 (-0.046)"
144.28,0.4636023138738255,0.9214546188322216,0.0,0.00394425908052753,0.5523456356136822,0.061400346731189284,0.13302345960052958,327.0,51.357798165137616,136.99694189602442,0.1746113149847095,1/6/20 12:00 AM,143.18,144.51236278276903,"Price - 0 = 144.280 (0.998); BlockReward - 0 = 0.133 (0.067); AddressCount - 0 = 0.921 (0.038)","likes_avg - 0 = 51.358 (-0.061); count - 0 = 327 (-0.060); AvgGasPrice - 0 = 0.004 (-0.046)"
143.18,0.47839808506993753,0.9222405312146817,0.007462686567164123,0.0033855904115059465,0.5648115180629357,0.059058905416811955,0.1261846479154959,430.0,60.3860465116279,69.51627906976744,0.19597232558139532,1/7/20 12:00 AM,140.66,143.29338442428573,"Price - 0 = 143.180 (0.998); BlockReward - 0 = 0.126 (0.067); AddressCount - 0 = 0.922 (0.038)","likes_avg - 0 = 60.386 (-0.061); count - 0 = 430 (-0.060); AvgGasPrice - 0 = 0.003 (-0.046)"
140.66,0.48385056367490975,0.9229727599240268,0.008036739380022894,0.004378049726291094,0.5535164221203924,0.07143516908128425,0.1258631856670699,369.0,86.56097560975608,233.96747967479675,0.1698257452574526,1/8/20 12:00 AM,137.9,141.28590174575828,"Price - 0 = 140.660 (0.998); BlockReward - 0 = 0.126 (0.067); AddressCount - 0 = 0.923 (0.038)","likes_avg - 0 = 86.561 (-0.061); count - 0 = 369 (-0.060); AvgGasPrice - 0 = 0.004 (-0.046)"
137.9,0.45980122515777927,0.9238004687246157,0.008036739380022894,0.003819432447018944,0.5398213619375611,0.05809250441924334,0.12607749383268724,322.0,48.490683229813655,71.93167701863355,0.2025229813664597,1/9/20 12:00 AM,144.88,138.33441261304188,"Price - 0 = 137.900 (0.998); BlockReward - 0 = 0.126 (0.067); AddressCount - 0 = 0.924 (0.038)","likes_avg - 0 = 48.491 (-0.061); count - 0 = 322 (-0.060); AvgGasPrice - 0 = 0.004 (-0.046)"
144.88,0.4477113011573077,0.9249470266695096,0.0063145809414465815,0.005360966493746427,0.5592990439400796,0.06930674389046715,0.12849203249864272,281.0,41.13523131672598,207.1850533807829,0.23016298932384344,1/10/20 12:00 AM,142.69,145.20475469127786,"Price - 0 = 144.880 (0.998); BlockReward - 0 = 0.128 (0.067); AddressCount - 0 = 0.925 (0.038)","likes_avg - 0 = 41.135 (-0.061); count - 0 = 281 (-0.060); AvgGasPrice - 0 = 0.005 (-0.046)"
142.69,0.4065689279164977,0.92608835596873,0.009184845005740537,0.004130789772013762,0.563219422007796,0.05250618110757917,0.12722523311966016,262.0,47.41984732824427,313.60305343511453,0.1824729007633587,1/11/20 12:00 AM,146.55,142.14559335925568,"Price - 0 = 142.690 (0.998); BlockReward - 0 = 0.127 (0.067); AddressCount - 0 = 0.926 (0.038)","likes_avg - 0 = 47.420 (-0.061); count - 0 = 262 (-0.060); AvgGasPrice - 0 = 0.004 (-0.046)"
146.55,0.38754049687036773,0.9268338364021826,0.012629161882893163,0.0038694492977730784,0.5580284010017685,0.04833956102234722,0.12753240815704503,215.0,98.95813953488373,841.8790697674417,0.17948883720930234,1/12/20 12:00 AM,143.7,146.30666317754435,"Price - 0 = 146.550 (0.998); BlockReward - 0 = 0.128 (0.067); AddressCount - 0 = 0.927 (0.038)","likes_avg - 0 = 98.958 (-0.061); count - 0 = 215 (-0.060); AvgGasPrice - 0 = 0.004 (-0.046)"
143.7,0.41826806499668906,0.9276990408142296,0.007462686567164123,0.004020483096657787,0.5580675384136436,0.05772729893225883,0.12662278905409138,312.0,48.05448717948718,16.753205128205128,0.15939807692307695,1/13/20 12:00 AM,165.86,143.07621161721679,"Price - 0 = 143.700 (0.998); BlockReward - 0 = 0.127 (0.067); AddressCount - 0 = 0.928 (0.038)","likes_avg - 0 = 48.054 (-0.061); count - 0 = 312 (-0.060); AvgGasPrice - 0 = 0.004 (-0.046)"
165.86,0.4971365774332789,0.928561734603093,0.009184845005740537,0.009047810857911558,0.5573256387828271,0.08529939171846239,0.12731809999142768,305.0,65.26229508196721,137.14754098360658,0.2118504918032787,1/14/20 12:00 AM,166.22,166.68710163470044,"Price - 0 = 165.860 (0.998); BlockReward - 0 = 0.127 (0.067); AddressCount - 0 = 0.929 (0.038)","likes_avg - 0 = 65.262 (-0.061); count - 0 = 305 (-0.060); AvgGasPrice - 0 = 0.009 (-0.046)"
166.22,0.5168991243258555,0.9296349059407577,0.010907003444316849,0.004134922136872103,0.5664832556665607,0.06851449268060246,0.12432492927830535,396.0,68.32323232323232,47.32070707070707,0.24291186868686876,1/15/20 12:00 AM,164.09,166.9169974966209,"Price - 0 = 166.220 (0.998); BlockReward - 0 = 0.124 (0.067); AddressCount - 0 = 0.930 (0.038)","likes_avg - 0 = 68.323 (-0.061); count - 0 = 396 (-0.060); AvgGasPrice - 0 = 0.004 (-0.046)"
164.09,0.5133768513252274,0.9305934727879721,0.0063145809414465815,0.0027640937572520115,0.5583032019179859,0.05756708147942168,0.12610606825476955,447.0,66.18120805369128,35.899328859060404,0.24617181208053684,1/16/20 12:00 AM,169.74,164.78489223197917,"Price - 0 = 164.090 (0.998); BlockReward - 0 = 0.126 (0.067); AddressCount - 0 = 0.931 (0.038)","likes_avg - 0 = 66.181 (-0.061); count - 0 = 447 (-0.060); AvgGasPrice - 0 = 0.003 (-0.046)"
169.74,0.5007018592410725,0.9314150796826498,0.0063145809414465815,0.003588502483702975,0.5645798232324472,0.06218431867926452,0.13174237301050587,449.0,57.44988864142539,26.94432071269488,0.21390935412026726,1/17/20 12:00 AM,174.0,170.13609338095236,"Price - 0 = 169.740 (0.998); BlockReward - 0 = 0.132 (0.067); AddressCount - 0 = 0.931 (0.038)","likes_avg - 0 = 57.450 (-0.061); count - 0 = 449 (-0.060); AvgGasPrice - 0 = 0.004 (-0.046)"
174.0,0.464852535406259,0.9323122345036451,0.010332950631458079,0.003755412898374787,0.5554292843804981,0.057955069164541066,0.12540599491375287,324.0,58.586419753086425,561.4783950617284,0.1740175925925926,1/18/20 12:00 AM,166.94,174.3597748142219,"Price - 0 = 174 (0.998); BlockReward - 0 = 0.125 (0.067); AddressCount - 0 = 0.932 (0.038)","likes_avg - 0 = 58.586 (-0.061); count - 0 = 324 (-0.060); AvgGasPrice - 0 = 0.004 (-0.046)"
166.94,0.45532905074371866,0.9330171956620666,0.003444316877152625,0.0032717115537780925,0.5600896494081056,0.05447131235945834,0.13120898379830268,226.0,84.212389380531,359.429203539823,0.1946902654867257,1/19/20 12:00 AM,166.77,167.01712958028733,"Price - 0 = 166.940 (0.998); BlockReward - 0 = 0.131 (0.067); AddressCount - 0 = 0.933 (0.038)","likes_avg - 0 = 84.212 (-0.061); count - 0 = 226 (-0.060); AvgGasPrice - 0 = 0.003 (-0.046)"
166.77,0.4433889160371685,0.9336723482396782,0.009758897818599309,0.002475429519820853,0.560541927796434,0.04969725999561187,0.1249678537751574,325.0,88.32307692307694,31.70769230769231,0.13072738461538466,1/20/20 12:00 AM,169.36,166.01009105739342,"Price - 0 = 166.770 (0.998); BlockReward - 0 = 0.125 (0.067); AddressCount - 0 = 0.934 (0.038)","likes_avg - 0 = 88.323 (-0.061); count - 0 = 325 (-0.060); AvgGasPrice - 0 = 0.002 (-0.046)"
169.36,0.41350224424404974,0.9347101743692204,0.0063145809414465815,0.002366180332643624,0.5657536967859745,0.04588644336336064,0.12983741153835163,383.0,55.18798955613577,20.0757180156658,0.16500887728459535,1/21/20 12:00 AM,167.79,168.3153857441806,"Price - 0 = 169.360 (0.998); BlockReward - 0 = 0.130 (0.067); AddressCount - 0 = 0.935 (0.038)","likes_avg - 0 = 55.188 (-0.061); count - 0 = 383 (-0.060); AvgGasPrice - 0 = 0.002 (-0.046)"
167.79,0.37998874355702117,0.9357305134625018,0.013203214695751933,0.002811069912498261,0.5563138720343365,0.04224318138620734,0.12223423406261609,376.0,106.04787234042551,156.1622340425532,0.20005744680851065,1/22/20 12:00 AM,162.63,166.7047843908687,"Price - 0 = 167.790 (0.998); BlockReward - 0 = 0.122 (0.067); AddressCount - 0 = 0.936 (0.038)","likes_avg - 0 = 106.048 (-0.061); count - 0 = 376 (-0.060); AvgGasPrice - 0 = 0.003 (-0.046)"
162.63,0.4087349404290944,0.9363072363550113,0.003444316877152625,0.001758239514256604,0.5628559773467798,0.042737472026861685,0.1318900075245978,429.0,54.2004662004662,101.21445221445221,0.16380279720279714,1/23/20 12:00 AM,162.45,161.6994401831672,"Price - 0 = 162.630 (0.998); BlockReward - 0 = 0.132 (0.067); AddressCount - 0 = 0.936 (0.038)","likes_avg - 0 = 54.200 (-0.061); count - 0 = 429 (-0.060); AvgGasPrice - 0 = 0.002 (-0.046)"
162.45,0.3676555973367167,0.93681163146833,0.008036739380022894,0.0010520227417550863,0.5684024438034827,0.041995562204105684,0.12468210955433426,359.0,61.264623955431745,53.1782729805014,0.2465370473537604,1/24/20 12:00 AM,160.36,161.1943687973782,"Price - 0 = 162.450 (0.998); BlockReward - 0 = 0.125 (0.067); AddressCount - 0 = 0.937 (0.038)","likes_avg - 0 = 61.265 (-0.061); count - 0 = 359 (-0.060); AvgGasPrice - 0 = 0.001 (-0.046)"
160.36,0.3219624473790952,0.9374856137198178,0.014351320321469577,2.0825733661499588E-4,0.5604508186735758,0.03152186911848803,0.12535122727142844,253.0,152.92885375494072,122.0909090909091,0.17142094861660076,1/25/20 12:00 AM,167.72,158.33773535954396,"Price - 0 = 160.360 (0.998); BlockReward - 0 = 0.125 (0.067); AddressCount - 0 = 0.937 (0.038)","likes_avg - 0 = 152.929 (-0.061); count - 0 = 253 (-0.060); AvgGasPrice - 0 = 0.000 (-0.046)"
167.72,0.3170119853681072,0.9380391515530153,0.013777267508610806,0.0,0.5536580507035629,0.03208504929606461,0.12432492927830535,297.0,180.74747474747474,4992.86531986532,0.1880949494949495,1/26/20 12:00 AM,169.95,170.59103908043534,"Price - 0 = 167.720 (0.998); BlockReward - 0 = 0.124 (0.067); AddressCount - 0 = 0.938 (0.038)","likes_avg - 0 = 180.747 (-0.061); count - 0 = 297 (-0.060); AvgGasPrice - 0 = 0 (-0.046)"
169.95,0.3523845046683094,0.9388061687670813,0.008610792192881665,0.0013795535136084474,0.5591734404833175,0.03909517178566163,0.1285277505262456,413.0,96.20823244552058,103.13559322033899,0.12941113801452786,1/27/20 12:00 AM,176.0,168.20556989662413,"Price - 0 = 169.950 (0.998); BlockReward - 0 = 0.129 (0.067); AddressCount - 0 = 0.939 (0.038)","likes_avg - 0 = 96.208 (-0.061); count - 0 = 413 (-0.060); AvgGasPrice - 0 = 0.001 (-0.046)"
176.0,0.38927048906204464,0.9394321107897404,0.008610792192881665,0.0012110735013766965,0.5481238222307485,0.04354293456923668,0.12423206240653782,480.0,46.1875,82.67083333333333,0.19907895833333333,1/28/20 12:00 AM,173.55,175.1678824570117,"Price - 0 = 176 (0.998); BlockReward - 0 = 0.124 (0.067); AddressCount - 0 = 0.939 (0.038)","likes_avg - 0 = 46.188 (-0.061); count - 0 = 480 (-0.060); AvgGasPrice - 0 = 0.001 (-0.046)"
173.55,0.40799044314643534,0.9399970010060286,0.007462686567164123,0.001325989120402579,0.5615048703912031,0.045057945011844985,0.12890636161883626,439.0,46.18451025056947,244.85649202733487,0.18922847380410016,1/29/20 12:00 AM,184.47,172.86874477344293,"Price - 0 = 173.550 (0.998); BlockReward - 0 = 0.129 (0.067); AddressCount - 0 = 0.940 (0.038)","likes_avg - 0 = 46.185 (-0.061); count - 0 = 439 (-0.060); AvgGasPrice - 0 = 0.001 (-0.046)"
184.47,0.41875970015446096,0.9406137737961914,0.0177956371986222,0.0018762786065221863,0.5473742570421548,0.05184656870145264,0.12199611387859681,473.0,59.600422832980975,98.71035940803381,0.17917547568710354,1/30/20 12:00 AM,179.76,183.97695100454558,"Price - 0 = 184.470 (0.998); BlockReward - 0 = 0.122 (0.067); AddressCount - 0 = 0.941 (0.038)","likes_avg - 0 = 59.600 (-0.061); count - 0 = 473 (-0.060); AvgGasPrice - 0 = 0.002 (-0.046)"
179.76,0.43159263837527556,0.9411955943453387,0.011481056257175621,0.0017646817608770787,0.5539266521726077,0.0511890759192035,0.12749192772576173,421.0,44.161520190023744,127.19714964370544,0.1887520190023753,1/31/20 12:00 AM,183.66,179.41764555371648,"Price - 0 = 179.760 (0.998); BlockReward - 0 = 0.127 (0.067); AddressCount - 0 = 0.941 (0.038)","likes_avg - 0 = 44.162 (-0.061); count - 0 = 421 (-0.060); AvgGasPrice - 0 = 0.002 (-0.046)"
183.66,0.40371329142693585,0.9418346789345758,0.013203214695751933,0.0020313602902325523,0.544899527921952,0.04587557650344522,0.12271523683433502,248.0,50.875,167.15725806451613,0.24470604838709675,2/1/20 12:00 AM,188.39,183.27181606041034,"Price - 0 = 183.660 (0.998); BlockReward - 0 = 0.123 (0.067); AddressCount - 0 = 0.942 (0.038)","likes_avg - 0 = 50.875 (-0.061); count - 0 = 248 (-0.060); AvgGasPrice - 0 = 0.002 (-0.046)"
188.39,0.3920957227741274,0.9424738290183308,0.009184845005740537,0.0018590425442018754,0.5620978487471076,0.04654165936891919,0.12722047071597978,288.0,125.94097222222223,106.48958333333331,0.14895312499999994,2/2/20 12:00 AM,189.77,187.07428739256022,"Price - 0 = 188.390 (0.998); BlockReward - 0 = 0.127 (0.067); AddressCount - 0 = 0.942 (0.038)","likes_avg - 0 = 125.941 (-0.061); count - 0 = 288 (-0.060); AvgGasPrice - 0 = 0.002 (-0.046)"
189.77,0.4596469866769097,0.9430924902337576,0.006888633754305352,0.0026979349945752246,0.5606706690070894,0.054037553493964996,0.12799436131404243,375.0,60.42933333333333,51.00266666666667,0.19725466666666666,2/3/20 12:00 AM,188.44,189.51465165252827,"Price - 0 = 189.770 (0.998); BlockReward - 0 = 0.128 (0.067); AddressCount - 0 = 0.943 (0.038)","likes_avg - 0 = 60.429 (-0.061); count - 0 = 375 (-0.060); AvgGasPrice - 0 = 0.003 (-0.046)"
188.44,0.3879298007283319,0.9436215112857806,0.0057405281285878105,0.004699543250032073,0.5717738565815983,0.059795144968731444,0.13269961615026335,420.0,38.03333333333333,44.86666666666667,0.19694738095238096,2/4/20 12:00 AM,203.85,187.3385898685828,"Price - 0 = 188.440 (0.998); BlockReward - 0 = 0.133 (0.067); AddressCount - 0 = 0.944 (0.038)","likes_avg - 0 = 38.033 (-0.061); count - 0 = 420 (-0.060); AvgGasPrice - 0 = 0.005 (-0.046)"
203.85,0.45192690579069095,0.9442324987268684,0.01664753157290466,0.005456330863346387,0.5620215379774538,0.07388436452947932,0.12439874653535132,527.0,75.46489563567363,86.4819734345351,0.2128286527514231,2/5/20 12:00 AM,212.88,203.7967087784564,"Price - 0 = 203.850 (0.998); BlockReward - 0 = 0.124 (0.067); AddressCount - 0 = 0.944 (0.038)","likes_avg - 0 = 75.465 (-0.061); count - 0 = 527 (-0.060); AvgGasPrice - 0 = 0.005 (-0.046)"
212.88,0.4487568600901257,0.9448717470524001,0.006888633754305352,0.006068655759717902,0.565014772984454,0.08186646615621848,0.12884683157283144,488.0,124.3155737704918,58.19262295081968,0.2663663934426229,2/6/20 12:00 AM,223.14,212.99731593714694,"Price - 0 = 212.880 (0.998); BlockReward - 0 = 0.129 (0.067); AddressCount - 0 = 0.945 (0.038)","likes_avg - 0 = 124.316 (-0.061); count - 0 = 488 (-0.060); AvgGasPrice - 0 = 0.006 (-0.046)"
223.14,0.46339987586768416,0.9456148151044461,0.010332950631458079,0.006190288032617379,0.5641387328534769,0.08234784124083462,0.1289563668574803,491.0,60.219959266802434,145.20162932790225,0.2213136456211812,2/7/20 12:00 AM,223.2,223.31140975438169,"Price - 0 = 223.140 (0.998); BlockReward - 0 = 0.129 (0.067); AddressCount - 0 = 0.946 (0.038)","likes_avg - 0 = 60.220 (-0.061); count - 0 = 491 (-0.060); AvgGasPrice - 0 = 0.006 (-0.046)"
223.2,0.4896478542683646,0.9469103949089103,0.012629161882893163,0.004675929150120928,0.573622186987873,0.06656406842994401,0.12514406271133166,360.0,82.2638888888889,150.18888888888893,0.1721697222222222,2/8/20 12:00 AM,228.6,222.96241503098057,"Price - 0 = 223.200 (0.998); BlockReward - 0 = 0.125 (0.067); AddressCount - 0 = 0.947 (0.038)","likes_avg - 0 = 82.264 (-0.061); count - 0 = 360 (-0.060); AvgGasPrice - 0 = 0.005 (-0.046)"
228.6,0.4651639784926303,0.947762893384498,0.013203214695751933,0.004192018440752409,0.5646955695715857,0.061956402355339495,0.12428444884702207,403.0,91.68238213399506,70.30769230769229,0.16093449131513649,2/9/20 12:00 AM,223.11,228.03948964575966,"Price - 0 = 228.600 (0.998); BlockReward - 0 = 0.124 (0.067); AddressCount - 0 = 0.948 (0.038)","likes_avg - 0 = 91.682 (-0.061); count - 0 = 403 (-0.060); AvgGasPrice - 0 = 0.004 (-0.046)"
223.11,0.49492088233309434,0.9488037104303545,0.0051664753157290395,0.004325533350807528,0.571429149537536,0.06596114285827635,0.1305422472830487,323.0,52.1671826625387,264.69659442724463,0.1900625386996904,2/10/20 12:00 AM,237.8,223.21790262952555,"Price - 0 = 223.110 (0.998); BlockReward - 0 = 0.131 (0.067); AddressCount - 0 = 0.949 (0.038)","likes_avg - 0 = 52.167 (-0.061); count - 0 = 323 (-0.060); AvgGasPrice - 0 = 0.004 (-0.046)"
237.8,0.5249677248563469,0.9496730628285307,0.008610792192881665,0.0041542813019716995,0.5777946025510264,0.07172035075133393,0.12816818904837649,387.0,101.64857881136949,98.25322997416019,0.22162041343669248,2/11/20 12:00 AM,266.13,238.05972036135347,"Price - 0 = 237.800 (0.998); BlockReward - 0 = 0.128 (0.067); AddressCount - 0 = 0.950 (0.038)","likes_avg - 0 = 101.649 (-0.061); count - 0 = 387 (-0.060); AvgGasPrice - 0 = 0.004 (-0.046)"
266.13,0.5908764972440994,0.9508007365207835,0.015499425947187118,0.0057808432658987274,0.5811165160952089,0.10012413208439712,0.12627275238358304,358.0,128.39664804469274,222.6396648044693,0.19470642458100565,2/12/20 12:00 AM,268.56,267.29509649136133,"Price - 0 = 266.130 (0.998); BlockReward - 0 = 0.126 (0.067); AddressCount - 0 = 0.951 (0.038)","likes_avg - 0 = 128.397 (-0.061); count - 0 = 358 (-0.060); AvgGasPrice - 0 = 0.006 (-0.046)"
268.56,0.5661100980971568,0.9520051042934156,0.012629161882893163,0.00639126643368971,0.590144377964804,0.0916275989376232,0.12667517549457563,454.0,80.90748898678414,108.15859030837005,0.19171167400881053,2/13/20 12:00 AM,285.79,269.03166387406947,"Price - 0 = 268.560 (0.998); BlockReward - 0 = 0.127 (0.067); AddressCount - 0 = 0.952 (0.038)","likes_avg - 0 = 80.907 (-0.061); count - 0 = 454 (-0.060); AvgGasPrice - 0 = 0.006 (-0.046)"
285.79,0.5713482741974594,0.9527744028998527,0.010332950631458079,0.005681790841621211,0.5953230071754776,0.08835880350805457,0.12989217918067608,431.0,71.86310904872391,51.17865429234339,0.2295361948955917,2/14/20 12:00 AM,264.85,286.20712436645306,"Price - 0 = 285.790 (0.998); BlockReward - 0 = 0.130 (0.067); AddressCount - 0 = 0.953 (0.038)","likes_avg - 0 = 71.863 (-0.061); count - 0 = 431 (-0.060); AvgGasPrice - 0 = 0.006 (-0.046)"
264.85,0.5174567557566918,0.9537938359856375,0.014351320321469577,0.006216018556968041,0.5945084345006753,0.08412468818926805,0.12593462172227568,472.0,77.83050847457628,395.5021186440678,0.15695360169491526,2/15/20 12:00 AM,259.43,264.7615239084325,"Price - 0 = 264.850 (0.998); BlockReward - 0 = 0.126 (0.067); AddressCount - 0 = 0.954 (0.038)","likes_avg - 0 = 77.831 (-0.061); count - 0 = 472 (-0.060); AvgGasPrice - 0 = 0.006 (-0.046)"
259.43,0.4895299508142383,0.9544638776503025,0.0057405281285878105,0.0056135168805476875,0.5996460251221525,0.10035542938248498,0.13036127594319405,367.0,61.90190735694822,99.2425068119891,0.1907773841961853,2/16/20 12:00 AM,268.07,259.1306001222454,"Price - 0 = 259.430 (0.998); BlockReward - 0 = 0.130 (0.067); AddressCount - 0 = 0.954 (0.038)","likes_avg - 0 = 61.902 (-0.061); count - 0 = 367 (-0.060); AvgGasPrice - 0 = 0.006 (-0.046)"
268.07,0.5146500603235598,0.9552702134065728,0.015499425947187118,0.004988302629670233,0.5982192956609735,0.08109989906250356,0.12484403127946737,442.0,75.36651583710406,199.0837104072398,0.1457339366515837,2/17/20 12:00 AM,282.92,267.5829162133505,"Price - 0 = 268.070 (0.998); BlockReward - 0 = 0.125 (0.067); AddressCount - 0 = 0.955 (0.038)","likes_avg - 0 = 75.367 (-0.061); count - 0 = 442 (-0.060); AvgGasPrice - 0 = 0.005 (-0.046)"
282.92,0.543285769053087,0.9562501642138588,0.010332950631458079,0.004148320623073531,0.6020150049723715,0.07574448648479624,0.12628942079646438,495.0,60.97979797979797,30.31111111111111,0.13241555555555554,2/18/20 12:00 AM,258.72,282.2938609367476,"Price - 0 = 282.920 (0.998); BlockReward - 0 = 0.126 (0.067); AddressCount - 0 = 0.956 (0.038)","likes_avg - 0 = 60.980 (-0.061); count - 0 = 495 (-0.060); AvgGasPrice - 0 = 0.004 (-0.046)"
258.72,0.5149993214989904,0.9571992780189995,0.0040183696900114975,0.005108371799925816,0.6297306174425292,0.08259264111960118,0.13317347531646173,571.0,55.03152364273205,73.61295971978984,0.1619583187390542,2/19/20 12:00 AM,257.7,257.76529795924137,"Price - 0 = 258.720 (0.998); BlockReward - 0 = 0.133 (0.067); AddressCount - 0 = 0.957 (0.038)","likes_avg - 0 = 55.032 (-0.061); count - 0 = 571 (-0.060); AvgGasPrice - 0 = 0.005 (-0.046)"
257.7,0.5103743916663762,0.9580110934832616,0.014925373134328348,0.005028565485229918,0.6072494968170311,0.08700423936772593,0.12476783282058121,442.0,46.613122171945705,222.5656108597285,0.2192013574660633,2/20/20 12:00 AM,265.6,257.5248790205764,"Price - 0 = 257.700 (0.998); BlockReward - 0 = 0.125 (0.067); AddressCount - 0 = 0.958 (0.038)","likes_avg - 0 = 46.613 (-0.061); count - 0 = 442 (-0.060); AvgGasPrice - 0 = 0.005 (-0.046)"
265.6,0.49624229085669835,0.9589636348348355,0.012629161882893163,0.002332505134738094,0.5977184591620518,0.05755234931723058,0.12419396317709475,398.0,67.51507537688443,241.6658291457286,0.14119045226130655,2/21/20 12:00 AM,262.31,264.6150525670104,"Price - 0 = 265.600 (0.998); BlockReward - 0 = 0.124 (0.067); AddressCount - 0 = 0.959 (0.038)","likes_avg - 0 = 67.515 (-0.061); count - 0 = 398 (-0.060); AvgGasPrice - 0 = 0.002 (-0.046)"
262.31,0.44827783096204027,0.9599027934732661,0.012629161882893163,0.0032625785497886217,0.6136545615225855,0.05133303840931546,0.12831344236062825,451.0,45.654101995565405,110.54323725055431,0.1505760532150776,2/22/20 12:00 AM,275.64,260.3911537127014,"Price - 0 = 262.310 (0.998); BlockReward - 0 = 0.128 (0.067); AddressCount - 0 = 0.960 (0.038)","likes_avg - 0 = 45.654 (-0.061); count - 0 = 451 (-0.060); AvgGasPrice - 0 = 0.003 (-0.046)"
275.64,0.4485974308911499,0.9606758580144784,0.009184845005740537,0.006047516928625944,0.6087530515556665,0.06081831937187107,0.1271514158626142,251.0,79.95617529880478,32.557768924302785,0.13166772908366536,2/23/20 12:00 AM,265.74,273.615036078762,"Price - 0 = 275.640 (0.998); BlockReward - 0 = 0.127 (0.067); AddressCount - 0 = 0.961 (0.038)","likes_avg - 0 = 79.956 (-0.061); count - 0 = 251 (-0.060); AvgGasPrice - 0 = 0.006 (-0.046)"
265.74,0.508966965528441,0.9614795412427766,0.012629161882893163,0.005134390037794426,0.6162951000785506,0.06893811884028347,0.12300336225699836,528.0,80.21401515151516,28.49621212121212,0.13802329545454545,2/24/20 12:00 AM,246.84,264.46966464994654,"Price - 0 = 265.740 (0.998); BlockReward - 0 = 0.123 (0.067); AddressCount - 0 = 0.961 (0.038)","likes_avg - 0 = 80.214 (-0.061); count - 0 = 528 (-0.060); AvgGasPrice - 0 = 0.005 (-0.046)"
246.84,0.4960309544766607,0.9623108959048581,0.020091848450057386,0.00468838728188963,0.6001511629333496,0.0803269929621992,0.12277952928402024,538.0,82.9721189591078,43.89591078066915,0.12972825278810404,2/25/20 12:00 AM,223.73,246.0707164080843,"Price - 0 = 246.840 (0.998); BlockReward - 0 = 0.123 (0.067); AddressCount - 0 = 0.962 (0.038)","likes_avg - 0 = 82.972 (-0.061); count - 0 = 538 (-0.060); AvgGasPrice - 0 = 0.005 (-0.046)"
223.73,0.5217413227877715,0.9634124482002494,0.006888633754305352,0.0074756303336844096,0.6081020747837139,0.14381784718329993,0.12916115021573688,496.0,57.699596774193544,33.66129032258065,0.16051633064516127,2/26/20 12:00 AM,227.57,224.41461992282737,"Price - 0 = 223.730 (0.998); BlockReward - 0 = 0.129 (0.067); AddressCount - 0 = 0.963 (0.038)","likes_avg - 0 = 57.700 (-0.061); count - 0 = 496 (-0.060); AvgGasPrice - 0 = 0.007 (-0.046)"
227.57,0.5288251699404032,0.9644680124283707,0.011481056257175621,0.004874363789166944,0.6287086247669453,0.09242140376945304,0.12652515977864348,474.0,84.65822784810126,199.08227848101262,0.1624185654008439,2/27/20 12:00 AM,227.56,227.23878490348625,"Price - 0 = 227.570 (0.998); BlockReward - 0 = 0.127 (0.067); AddressCount - 0 = 0.964 (0.038)","likes_avg - 0 = 84.658 (-0.061); count - 0 = 474 (-0.060); AvgGasPrice - 0 = 0.005 (-0.046)"
227.56,0.5097025644372039,0.966033615214097,0.012055109070034391,0.004796717345661926,0.6147412895564006,0.07853485029584228,0.12687043404547144,460.0,45.92608695652174,280.05217391304353,0.14781347826086955,2/28/20 12:00 AM,217.68,227.11042315141003,"Price - 0 = 227.560 (0.998); BlockReward - 0 = 0.127 (0.067); AddressCount - 0 = 0.966 (0.038)","likes_avg - 0 = 45.926 (-0.061); count - 0 = 460 (-0.060); AvgGasPrice - 0 = 0.005 (-0.046)"
217.68,0.4591086350561821,0.9669329313541807,0.010332950631458079,0.002873486391434635,0.6152321857780935,0.054771822865381736,0.1256560211069731,351.0,40.74074074074074,447.991452991453,0.2340552706552707,2/29/20 12:00 AM,218.02,216.88101551712194,"Price - 0 = 217.680 (0.998); BlockReward - 0 = 0.126 (0.067); AddressCount - 0 = 0.967 (0.038)","likes_avg - 0 = 40.741 (-0.061); count - 0 = 351 (-0.060); AvgGasPrice - 0 = 0.003 (-0.046)"
218.02,0.4650668379109288,0.9681366987603994,0.012055109070034391,0.0032673819193871226,0.6081336541368136,0.057952379340749004,0.12402966025012144,302.0,52.57947019867549,447.51324503311264,0.06543013245033114,3/1/20 12:00 AM,232.09,216.71989166508,"Price - 0 = 218.020 (0.998); BlockReward - 0 = 0.124 (0.067); AddressCount - 0 = 0.968 (0.038)","likes_avg - 0 = 52.579 (-0.061); count - 0 = 302 (-0.060); AvgGasPrice - 0 = 0.003 (-0.046)"
232.09,0.5043509340697232,0.96913301228139,0.009184845005740537,0.002939360149043186,0.6036707275910032,0.05958334800221704,0.1276324186343331,441.0,51.53514739229025,96.25623582766441,0.1235387755102041,3/2/20 12:00 AM,223.77,231.20875422314728,"Price - 0 = 232.090 (0.998); BlockReward - 0 = 0.128 (0.067); AddressCount - 0 = 0.969 (0.038)","likes_avg - 0 = 51.535 (-0.061); count - 0 = 441 (-0.060); AvgGasPrice - 0 = 0.003 (-0.046)"
223.77,0.4894773021020184,0.9704873843313601,0.011481056257175621,0.0036365319695235783,0.6097576287168045,0.06285278828236421,0.12885159397651183,520.0,91.89807692307691,60.00192307692308,0.15307961538461548,3/3/20 12:00 AM,224.68,222.82600449022462,"Price - 0 = 223.770 (0.998); BlockReward - 0 = 0.129 (0.067); AddressCount - 0 = 0.970 (0.038)","likes_avg - 0 = 91.898 (-0.061); count - 0 = 520 (-0.060); AvgGasPrice - 0 = 0.004 (-0.046)"
224.68,0.49136598196151304,0.9715000059872905,0.006888633754305352,0.003854290689323359,0.6174939654598465,0.06348363779044482,0.13023983464934422,555.0,95.62162162162164,91.82882882882885,0.17813549549549546,3/4/20 12:00 AM,228.7,223.75881220980094,"Price - 0 = 224.680 (0.998); BlockReward - 0 = 0.130 (0.067); AddressCount - 0 = 0.972 (0.038)","likes_avg - 0 = 95.622 (-0.061); count - 0 = 555 (-0.060); AvgGasPrice - 0 = 0.004 (-0.046)"
228.7,0.533001473422411,0.9724200074792556,0.024110218140068886,0.004503318845397112,0.6118913179287171,0.0732474668982428,0.11891960110106774,466.0,107.568669527897,478.9420600858369,0.20412575107296133,3/5/20 12:00 AM,245.76,228.85932310833965,"Price - 0 = 228.700 (0.998); BlockReward - 0 = 0.119 (0.067); AddressCount - 0 = 0.972 (0.038)","likes_avg - 0 = 107.569 (-0.061); count - 0 = 466 (-0.060); AvgGasPrice - 0 = 0.005 (-0.046)"
245.76,0.5008820513124731,0.9735931671141416,0.0057405281285878105,0.004162801139762395,0.6025958254615681,0.06762727709324552,0.13118517177990074,452.0,84.36725663716814,142.19026548672562,0.15696858407079647,3/6/20 12:00 AM,237.78,245.12266191997958,"Price - 0 = 245.760 (0.998); BlockReward - 0 = 0.131 (0.067); AddressCount - 0 = 0.974 (0.038)","likes_avg - 0 = 84.367 (-0.061); count - 0 = 452 (-0.060); AvgGasPrice - 0 = 0.004 (-0.046)"
237.78,0.46691473355673196,0.9744418232446833,0.006888633754305352,0.0039342524990670985,0.6124096767649925,0.06211871510675847,0.1285229881225652,477.0,95.65199161425578,400.9433962264151,0.13995953878406708,3/7/20 12:00 AM,199.68,236.70838147726943,"Price - 0 = 237.780 (0.998); BlockReward - 0 = 0.129 (0.067); AddressCount - 0 = 0.974 (0.038)","likes_avg - 0 = 95.652 (-0.061); count - 0 = 477 (-0.060); AvgGasPrice - 0 = 0.004 (-0.046)"
199.68,0.4903270968091173,0.9753915810792494,0.0063145809414465815,0.006123420420917526,0.6281263030102371,0.11537973492828685,0.1302779338787873,465.0,57.972043010752685,208.33118279569888,0.13934602150537634,3/8/20 12:00 AM,203.08,199.5067384508707,"Price - 0 = 199.680 (0.998); BlockReward - 0 = 0.130 (0.067); AddressCount - 0 = 0.975 (0.038)","likes_avg - 0 = 57.972 (-0.061); count - 0 = 465 (-0.060); AvgGasPrice - 0 = 0.006 (-0.046)"
203.08,0.5804379631325539,0.9764136339457474,0.018943742824339846,0.007379633678912331,0.6143321770881514,0.12675639903401745,0.12236996256750707,640.0,80.059375,412.3859375,0.10500390625,3/9/20 12:00 AM,200.62,204.31420557928536,"Price - 0 = 203.080 (0.998); BlockReward - 0 = 0.122 (0.067); AddressCount - 0 = 0.976 (0.038)","likes_avg - 0 = 80.059 (-0.061); count - 0 = 640 (-0.060); AvgGasPrice - 0 = 0.007 (-0.046)"
200.62,0.5630142055123943,0.9774895669689141,0.011481056257175621,0.004513155219296328,0.6157649900463209,0.07940091695268241,0.12775862233186333,543.0,90.02762430939227,782.1362799263353,0.16008876611418052,3/10/20 12:00 AM,194.86,201.53976497133092,"Price - 0 = 200.620 (0.998); BlockReward - 0 = 0.128 (0.067); AddressCount - 0 = 0.977 (0.038)","likes_avg - 0 = 90.028 (-0.061); count - 0 = 543 (-0.060); AvgGasPrice - 0 = 0.005 (-0.046)"
194.86,0.527774420289479,0.9785974176537701,0.008610792192881665,0.005967818774930779,0.6064004345409854,0.0993115619472082,0.1286277610035337,632.0,72.94303797468355,485.1803797468354,0.09325648734177214,3/11/20 12:00 AM,109.78,195.37711749954758,"Price - 0 = 194.860 (0.998); BlockReward - 0 = 0.129 (0.067); AddressCount - 0 = 0.979 (0.038)","likes_avg - 0 = 72.943 (-0.061); count - 0 = 632 (-0.060); AvgGasPrice - 0 = 0.006 (-0.046)"
109.78,0.5631573210258936,0.979328139989205,0.013777267508610806,0.07571060221916487,0.614562234080069,0.8720230585811156,0.12673946794426083,821.0,96.44701583434835,1090.6065773447017,0.1095395858708891,3/12/20 12:00 AM,135.44,123.49928294751858,"Price - 0 = 109.780 (0.998); BlockReward - 0 = 0.127 (0.067); AddressCount - 0 = 0.979 (0.038)","likes_avg - 0 = 96.447 (-0.061); count - 0 = 821 (-0.060); AvgGasPrice - 0 = 0.076 (-0.046)"
135.44,0.6277936259464718,0.9804819241625661,0.024110218140068886,0.08306747874307414,0.593118338535934,0.8364309056857884,0.11871719894465134,908.0,85.99449339207048,1718.613436123348,0.08625638766519825,3/13/20 12:00 AM,122.58,149.8665105712771,"Price - 0 = 135.440 (0.998); BlockReward - 0 = 0.119 (0.067); AddressCount - 0 = 0.980 (0.038)","likes_avg - 0 = 85.994 (-0.061); count - 0 = 908 (-0.060); AvgGasPrice - 0 = 0.083 (-0.046)"
122.58,0.5046126945685068,0.9828551398476604,0.011481056257175621,0.01002067110223905,0.5835177889161175,0.09910082956008666,0.1259250969149149,488.0,130.34426229508196,1703.0389344262296,0.09436803278688524,3/14/20 12:00 AM,123.53,124.84412876491821,"Price - 0 = 122.580 (0.998); BlockReward - 0 = 0.126 (0.067); AddressCount - 0 = 0.983 (0.038)","likes_avg - 0 = 130.344 (-0.061); count - 0 = 488 (-0.060); AvgGasPrice - 0 = 0.010 (-0.046)"
123.53,0.48668469576088885,0.9852239783158131,0.009184845005740537,0.007556069550328103,0.5877578974122506,0.08841167495018741,0.1280038861214032,779.0,108.2785622593068,936.3697047496789,0.07818125802310655,3/15/20 12:00 AM,111.32,124.64279524493301,"Price - 0 = 123.530 (0.998); BlockReward - 0 = 0.128 (0.067); AddressCount - 0 = 0.985 (0.038)","likes_avg - 0 = 108.279 (-0.061); count - 0 = 779 (-0.060); AvgGasPrice - 0 = 0.008 (-0.046)"
111.32,0.5804446369129761,0.9870989444565118,0.012629161882893163,0.024020913216771737,0.5909216478097591,0.2480597492043832,0.12571793235481812,669.0,169.31390134529147,1200.1748878923768,0.11074289985052316,3/16/20 12:00 AM,116.3,116.19999337728851,"Price - 0 = 111.320 (0.998); BlockReward - 0 = 0.126 (0.067); AddressCount - 0 = 0.987 (0.038)","likes_avg - 0 = 169.314 (-0.061); count - 0 = 669 (-0.060); AvgGasPrice - 0 = 0.024 (-0.046)"
116.3,0.564876931781358,0.9890641183797692,0.009758897818599309,0.01224009008080283,0.5744015929529371,0.12874354754083617,0.12789196963491414,881.0,74.81611804767309,251.77525539160047,0.1340320090805903,3/17/20 12:00 AM,118.62,118.77769881911081,"Price - 0 = 116.300 (0.998); BlockReward - 0 = 0.128 (0.067); AddressCount - 0 = 0.989 (0.038)","likes_avg - 0 = 74.816 (-0.061); count - 0 = 881 (-0.060); AvgGasPrice - 0 = 0.012 (-0.046)"
118.62,0.5688344835717479,0.990713346749012,0.007462686567164123,0.008996405574312688,0.5891131944625819,0.10384933058260602,0.1296516777948166,844.0,129.22393364928908,787.8258293838862,0.09805284360189576,3/18/20 12:00 AM,136.7,120.84549080303756,"Price - 0 = 118.620 (0.998); BlockReward - 0 = 0.130 (0.067); AddressCount - 0 = 0.991 (0.038)","likes_avg - 0 = 129.224 (-0.061); count - 0 = 844 (-0.060); AvgGasPrice - 0 = 0.009 (-0.046)"
136.7,0.6397100316559652,0.9918313599998847,0.012055109070034391,0.011800831393645994,0.5909024856055515,0.15070067665310266,0.12873967749002277,715.0,165.55664335664338,1270.6125874125873,0.12941104895104893,3/19/20 12:00 AM,133.4,140.85535299797672,"Price - 0 = 136.700 (0.998); BlockReward - 0 = 0.129 (0.067); AddressCount - 0 = 0.992 (0.038)","likes_avg - 0 = 165.557 (-0.061); count - 0 = 715 (-0.060); AvgGasPrice - 0 = 0.012 (-0.046)"
133.4,0.6086702789121144,0.9936216853920405,0.019517795637198618,0.009696385073522735,0.5880647763011533,0.1226543402581701,0.12591795330939431,751.0,79.74300932090546,1250.1225033288947,0.14323728362183755,3/20/20 12:00 AM,132.72,136.9519889710629,"Price - 0 = 133.400 (0.998); BlockReward - 0 = 0.126 (0.067); AddressCount - 0 = 0.994 (0.038)","likes_avg - 0 = 79.743 (-0.061); count - 0 = 751 (-0.060); AvgGasPrice - 0 = 0.010 (-0.046)"
132.72,0.6348796976925775,0.9958246480780345,0.013777267508610806,0.0054640037115247534,0.6085232717624336,0.08739822994487131,0.1326805665355418,781.0,117.14468629961588,1083.9001280409732,0.10709871959026886,3/21/20 12:00 AM,122.44,135.3919351774312,"Price - 0 = 132.720 (0.998); BlockReward - 0 = 0.133 (0.067); AddressCount - 0 = 0.996 (0.038)","likes_avg - 0 = 117.145 (-0.061); count - 0 = 781 (-0.060); AvgGasPrice - 0 = 0.005 (-0.046)"
122.44,0.5523413475549123,0.9971880365399591,0.03616532721010328,0.006029933300875958,0.5783402749230797,0.08448622326456709,0.12207707474116336,743.0,66.36204576043069,513.5639300134591,0.0465764468371467,3/22/20 12:00 AM,136.74,123.96534109279192,"Price - 0 = 122.440 (0.998); BlockReward - 0 = 0.122 (0.067); AddressCount - 0 = 0.997 (0.038)","likes_avg - 0 = 66.362 (-0.061); count - 0 = 743 (-0.060); AvgGasPrice - 0 = 0.006 (-0.046)"
136.74,0.5931574470861903,0.9988196577996586,0.011481056257175621,0.007663786327764448,0.5918967644975005,0.09986029581573058,0.13431407099791406,735.0,107.6095238095238,342.5795918367347,0.07772598639455781,3/23/20 12:00 AM,136.77,138.60004779659874,"Price - 0 = 136.740 (0.998); BlockReward - 0 = 0.134 (0.067); AddressCount - 0 = 0.999 (0.038)","likes_avg - 0 = 107.610 (-0.061); count - 0 = 735 (-0.060); AvgGasPrice - 0 = 0.008 (-0.046)"
