"Price - 2","Price - 1","Price - 0","TxGrowth - 2","TxGrowth - 1","TxGrowth - 0","AddressCount - 2","AddressCount - 1","AddressCount - 0","BlockTime - 2","BlockTime - 1","BlockTime - 0","AvgGasPrice - 2","AvgGasPrice - 1","AvgGasPrice - 0","NetworkHash - 2","NetworkHash - 1","NetworkHash - 0","TransactionFee - 2","TransactionFee - 1","TransactionFee - 0","BlockReward - 2","BlockReward - 1","BlockReward - 0","count - 2","count - 1","count - 0","likes_avg - 2","likes_avg - 1","likes_avg - 0","retweets_avg - 2","retweets_avg - 1","retweets_avg - 0","sentiment_avg - 2","sentiment_avg - 1","sentiment_avg - 0","Date","Price_real (+1 day)","Price_predicted (+1 day)","Support Prediction","Contradict Prediction"
130.6,127.18,134.25,0.34495807,0.37396157799999996,0.430319429,0.917701827,0.918351336,0.919195058,0.24512055100000002,0.118828932,0.008610791999999999,0.004658914,0.0034814240000000003,0.004477478,0.497976488,0.518718118,0.533577595,0.0503,0.0486,0.0574,0.0,0.059094285999999996,0.127596701,422.0,335.0,417.0,127.35308056872036,41.34328358208956,68.72422062350121,272.8696682464455,1009.3641791044777,1419.8129496402878,0.19383909952606632,0.210104776119403,0.23806690647482015,1/3/20 12:00 AM,134.33,135.3711745757809,"Price - 0 = 134.250 (0.922); likes_avg - 0 = 68.724 (0.111); Price - 2 = 130.600 (0.110)","NetworkHash - 0 = 0.534 (-0.066); NetworkHash - 1 = 0.519 (-0.052); likes_avg - 2 = 127.353 (-0.039)"
127.18,134.25,134.33,0.37396157799999996,0.430319429,0.413585296,0.918351336,0.919195058,0.9199824990000001,0.118828932,0.008610791999999999,0.00401837,0.0034814240000000003,0.004477478,0.002514742,0.518718118,0.533577595,0.561262959,0.0486,0.0574,0.0461,0.059094285999999996,0.127596701,0.13029460199999998,335.0,417.0,372.0,41.34328358208956,68.72422062350121,32.70967741935484,1009.3641791044777,1419.8129496402878,252.94623655913975,0.210104776119403,0.23806690647482015,0.17641075268817202,1/4/20 12:00 AM,135.44,136.286807578077,"Price - 0 = 134.330 (0.919); Price - 2 = 127.180 (0.134); likes_avg - 0 = 32.710 (0.129)","NetworkHash - 0 = 0.561 (-0.060); NetworkHash - 1 = 0.534 (-0.054); BlockReward - 0 = 0.130 (-0.045)"
134.25,134.33,135.44,0.430319429,0.413585296,0.38806920899999997,0.919195058,0.9199824990000001,0.920695701,0.008610791999999999,0.00401837,0.014925373,0.004477478,0.002514742,0.002620973,0.533577595,0.561262959,0.543370475,0.0574,0.0461,0.0447,0.127596701,0.13029460199999998,0.122731905,417.0,372.0,266.0,68.72422062350121,32.70967741935484,62.14661654135338,1419.8129496402878,252.94623655913975,271.2894736842105,0.23806690647482015,0.17641075268817202,0.09283233082706767,1/5/20 12:00 AM,144.28,135.8971817795154,"Price - 0 = 135.440 (0.923); Price - 2 = 134.250 (0.162); likes_avg - 0 = 62.147 (0.144)","BlockReward - 0 = 0.123 (-0.055); NetworkHash - 0 = 0.543 (-0.049); NetworkHash - 1 = 0.561 (-0.044)"
134.33,135.44,144.28,0.413585296,0.38806920899999997,0.46360231399999996,0.9199824990000001,0.920695701,0.921454619,0.00401837,0.014925373,0.0,0.002514742,0.002620973,0.00394426,0.561262959,0.543370475,0.552345636,0.0461,0.0447,0.0614,0.13029460199999998,0.122731905,0.13302346,372.0,266.0,327.0,32.70967741935484,62.14661654135338,51.357798165137616,252.94623655913975,271.2894736842105,136.99694189602442,0.17641075268817202,0.09283233082706767,0.1746113149847095,1/6/20 12:00 AM,143.18,139.7686962842908,"Price - 0 = 144.280 (0.942); likes_avg - 0 = 51.358 (0.138); Price - 2 = 134.330 (0.129)","count - 1 = 266 (-0.071); NetworkHash - 1 = 0.543 (-0.049); NetworkHash - 0 = 0.552 (-0.042)"
135.44,144.28,143.18,0.38806920899999997,0.46360231399999996,0.478398085,0.920695701,0.921454619,0.9222405309999999,0.014925373,0.0,0.007462687,0.002620973,0.00394426,0.003385592,0.543370475,0.552345636,0.564811518,0.0447,0.0614,0.0591,0.122731905,0.13302346,0.126184648,266.0,327.0,430.0,62.14661654135338,51.357798165137616,60.3860465116279,271.2894736842105,136.99694189602442,69.51627906976744,0.09283233082706767,0.1746113149847095,0.19597232558139532,1/7/20 12:00 AM,140.66,142.2258211166099,"Price - 0 = 143.180 (0.932); Price - 2 = 135.440 (0.141); likes_avg - 0 = 60.386 (0.136)","count - 1 = 327 (-0.065); NetworkHash - 0 = 0.565 (-0.056); likes_avg - 2 = 62.147 (-0.046)"
144.28,143.18,140.66,0.46360231399999996,0.478398085,0.483850564,0.921454619,0.9222405309999999,0.92297276,0.0,0.007462687,0.008036739000000001,0.00394426,0.003385592,0.004378051,0.552345636,0.564811518,0.5535164220000001,0.0614,0.0591,0.0714,0.13302346,0.126184648,0.125863186,327.0,430.0,369.0,51.357798165137616,60.3860465116279,86.56097560975608,136.99694189602442,69.51627906976744,233.96747967479675,0.1746113149847095,0.19597232558139532,0.1698257452574526,1/8/20 12:00 AM,137.9,148.97947266909426,"Price - 0 = 140.660 (0.927); Price - 2 = 144.280 (0.168); likes_avg - 0 = 86.561 (0.149)","likes_avg - 2 = 51.358 (-0.054); NetworkHash - 0 = 0.554 (-0.053); count - 1 = 430 (-0.051)"
143.18,140.66,137.9,0.478398085,0.483850564,0.459801225,0.9222405309999999,0.92297276,0.923800469,0.007462687,0.008036739000000001,0.008036739000000001,0.003385592,0.004378051,0.003819434,0.564811518,0.5535164220000001,0.5398213620000001,0.0591,0.0714,0.0581,0.126184648,0.125863186,0.126077494,430.0,369.0,322.0,60.3860465116279,86.56097560975608,48.490683229813655,69.51627906976744,233.96747967479675,71.93167701863355,0.19597232558139532,0.1698257452574526,0.2025229813664597,1/9/20 12:00 AM,144.88,138.03169277242517,"Price - 0 = 137.900 (0.918); Price - 2 = 143.180 (0.161); likes_avg - 0 = 48.491 (0.141)","BlockReward - 0 = 0.126 (-0.053); likes_avg - 2 = 60.386 (-0.053); NetworkHash - 1 = 0.554 (-0.044)"
140.66,137.9,144.88,0.483850564,0.459801225,0.447711301,0.92297276,0.923800469,0.924947027,0.008036739000000001,0.008036739000000001,0.006314581,0.004378051,0.003819434,0.005360968000000001,0.5535164220000001,0.5398213620000001,0.559299044,0.0714,0.0581,0.0693,0.125863186,0.126077494,0.128492032,369.0,322.0,281.0,86.56097560975608,48.490683229813655,41.13523131672598,233.96747967479675,71.93167701863355,207.1850533807829,0.1698257452574526,0.2025229813664597,0.23016298932384344,1/10/20 12:00 AM,142.69,145.75206844766757,"Price - 0 = 144.880 (0.938); Price - 2 = 140.660 (0.147); likes_avg - 0 = 41.135 (0.136)","count - 1 = 322 (-0.066); likes_avg - 2 = 86.561 (-0.052); NetworkHash - 0 = 0.559 (-0.050)"
137.9,144.88,142.69,0.459801225,0.447711301,0.406568928,0.923800469,0.924947027,0.926088356,0.008036739000000001,0.006314581,0.009184845,0.003819434,0.005360968000000001,0.004130791,0.5398213620000001,0.559299044,0.5632194220000001,0.0581,0.0693,0.0525,0.126077494,0.128492032,0.12722523300000002,322.0,281.0,262.0,48.490683229813655,41.13523131672598,47.41984732824427,71.93167701863355,207.1850533807829,313.60305343511453,0.2025229813664597,0.23016298932384344,0.1824729007633587,1/11/20 12:00 AM,146.55,140.0414568392061,"Price - 0 = 142.690 (0.926); Price - 2 = 137.900 (0.162); likes_avg - 0 = 47.420 (0.139)","count - 1 = 281 (-0.064); NetworkHash - 0 = 0.563 (-0.060); BlockReward - 0 = 0.127 (-0.047)"
144.88,142.69,146.55,0.447711301,0.406568928,0.38754049700000004,0.924947027,0.926088356,0.9268338359999999,0.006314581,0.009184845,0.012629162,0.005360968000000001,0.004130791,0.003869451,0.559299044,0.5632194220000001,0.5580284010000001,0.0693,0.0525,0.0483,0.128492032,0.12722523300000002,0.127532408,281.0,262.0,215.0,41.13523131672598,47.41984732824427,98.95813953488373,207.1850533807829,313.60305343511453,841.8790697674417,0.23016298932384344,0.1824729007633587,0.17948883720930234,1/12/20 12:00 AM,143.7,143.18946725201926,"Price - 0 = 146.550 (0.937); Price - 2 = 144.880 (0.148); likes_avg - 0 = 98.958 (0.140)","NetworkHash - 0 = 0.558 (-0.060); count - 1 = 262 (-0.060); AddressCount - 2 = 0.925 (-0.047)"
142.69,146.55,143.7,0.406568928,0.38754049700000004,0.418268065,0.926088356,0.9268338359999999,0.9276990409999999,0.009184845,0.012629162,0.007462687,0.004130791,0.003869451,0.004020485,0.5632194220000001,0.5580284010000001,0.558067538,0.0525,0.0483,0.0577,0.12722523300000002,0.127532408,0.126622789,262.0,215.0,312.0,47.41984732824427,98.95813953488373,48.05448717948718,313.60305343511453,841.8790697674417,16.753205128205128,0.1824729007633587,0.17948883720930234,0.15939807692307695,1/13/20 12:00 AM,165.86,145.71941973108,"Price - 0 = 143.700 (0.931); Price - 2 = 142.690 (0.150); likes_avg - 0 = 48.054 (0.135)","count - 1 = 215 (-0.068); NetworkHash - 0 = 0.558 (-0.051); BlockTime - 1 = 0.013 (-0.048)"
146.55,143.7,165.86,0.38754049700000004,0.418268065,0.497136577,0.9268338359999999,0.9276990409999999,0.928561735,0.012629162,0.007462687,0.009184845,0.003869451,0.004020485,0.009047814,0.5580284010000001,0.558067538,0.557325639,0.0483,0.0577,0.0853,0.127532408,0.126622789,0.12731810000000002,215.0,312.0,305.0,98.95813953488373,48.05448717948718,65.26229508196721,841.8790697674417,16.753205128205128,137.14754098360658,0.17948883720930234,0.15939807692307695,0.2118504918032787,1/14/20 12:00 AM,166.22,163.77329894599637,"Price - 0 = 165.860 (0.937); likes_avg - 0 = 65.262 (0.142); Price - 2 = 146.550 (0.109)","NetworkHash - 1 = 0.558 (-0.070); likes_avg - 2 = 98.958 (-0.069); count - 1 = 312 (-0.066)"
143.7,165.86,166.22,0.418268065,0.497136577,0.5168991239999999,0.9276990409999999,0.928561735,0.929634906,0.007462687,0.009184845,0.010907003,0.004020485,0.009047814,0.004134924,0.558067538,0.557325639,0.566483256,0.0577,0.0853,0.0685,0.126622789,0.12731810000000002,0.124324929,312.0,305.0,396.0,48.05448717948718,65.26229508196721,68.32323232323232,16.753205128205128,137.14754098360658,47.32070707070707,0.15939807692307695,0.2118504918032787,0.24291186868686876,1/15/20 12:00 AM,164.09,170.97070218450057,"Price - 0 = 166.220 (0.941); likes_avg - 0 = 68.323 (0.137); Price - 2 = 143.700 (0.126)","count - 1 = 305 (-0.074); likes_avg - 2 = 48.054 (-0.068); NetworkHash - 1 = 0.557 (-0.067)"
165.86,166.22,164.09,0.497136577,0.5168991239999999,0.513376851,0.928561735,0.929634906,0.930593473,0.009184845,0.010907003,0.006314581,0.009047814,0.004134924,0.002764095,0.557325639,0.566483256,0.558303202,0.0853,0.0685,0.0576,0.12731810000000002,0.124324929,0.12610606800000002,305.0,396.0,447.0,65.26229508196721,68.32323232323232,66.18120805369128,137.14754098360658,47.32070707070707,35.899328859060404,0.2118504918032787,0.24291186868686876,0.24617181208053684,1/16/20 12:00 AM,169.74,174.45031228453985,"Price - 0 = 164.090 (0.942); Price - 2 = 165.860 (0.137); likes_avg - 0 = 66.181 (0.133)","NetworkHash - 1 = 0.566 (-0.068); likes_avg - 2 = 65.262 (-0.056); NetworkHash - 0 = 0.558 (-0.056)"
166.22,164.09,169.74,0.5168991239999999,0.513376851,0.500701859,0.929634906,0.930593473,0.93141508,0.010907003,0.006314581,0.006314581,0.004134924,0.002764095,0.003588504,0.566483256,0.558303202,0.564579823,0.0685,0.0576,0.0622,0.124324929,0.12610606800000002,0.131742373,396.0,447.0,449.0,68.32323232323232,66.18120805369128,57.44988864142539,47.32070707070707,35.899328859060404,26.94432071269488,0.24291186868686876,0.24617181208053684,0.21390935412026726,1/17/20 12:00 AM,174.0,178.45193856327927,"Price - 0 = 169.740 (0.940); likes_avg - 0 = 57.450 (0.133); Price - 2 = 166.220 (0.119)","NetworkHash - 1 = 0.558 (-0.068); likes_avg - 2 = 68.323 (-0.064); count - 1 = 447 (-0.063)"
164.09,169.74,174.0,0.513376851,0.500701859,0.464852535,0.930593473,0.93141508,0.932312235,0.006314581,0.006314581,0.010332951,0.002764095,0.003588504,0.0037554140000000003,0.558303202,0.564579823,0.555429284,0.0576,0.0622,0.058,0.12610606800000002,0.131742373,0.125405995,447.0,449.0,324.0,66.18120805369128,57.44988864142539,58.586419753086425,35.899328859060404,26.94432071269488,561.4783950617284,0.24617181208053684,0.21390935412026726,0.1740175925925926,1/18/20 12:00 AM,166.94,176.07587255702487,"Price - 0 = 174 (0.944); likes_avg - 0 = 58.586 (0.137); Price - 2 = 164.090 (0.126)","NetworkHash - 1 = 0.565 (-0.061); NetworkHash - 0 = 0.555 (-0.060); AddressCount - 2 = 0.931 (-0.056)"
169.74,174.0,166.94,0.500701859,0.464852535,0.45532905100000004,0.93141508,0.932312235,0.933017196,0.006314581,0.010332951,0.003444317,0.003588504,0.0037554140000000003,0.003271713,0.564579823,0.555429284,0.560089649,0.0622,0.058,0.0545,0.131742373,0.125405995,0.131208984,449.0,324.0,226.0,57.44988864142539,58.586419753086425,84.212389380531,26.94432071269488,561.4783950617284,359.429203539823,0.21390935412026726,0.1740175925925926,0.1946902654867257,1/19/20 12:00 AM,166.77,172.8286422125729,"Price - 0 = 166.940 (0.948); likes_avg - 0 = 84.212 (0.145); Price - 2 = 169.740 (0.126)","NetworkHash - 1 = 0.555 (-0.077); likes_avg - 2 = 57.450 (-0.065); count - 1 = 324 (-0.063)"
174.0,166.94,166.77,0.464852535,0.45532905100000004,0.443388916,0.932312235,0.933017196,0.933672348,0.010332951,0.003444317,0.009758898,0.0037554140000000003,0.003271713,0.00247543,0.555429284,0.560089649,0.560541928,0.058,0.0545,0.0497,0.125405995,0.131208984,0.124967854,324.0,226.0,325.0,58.586419753086425,84.212389380531,88.32307692307694,561.4783950617284,359.429203539823,31.70769230769231,0.1740175925925926,0.1946902654867257,0.13072738461538466,1/20/20 12:00 AM,169.36,174.1475615385188,"Price - 0 = 166.770 (0.947); likes_avg - 0 = 88.323 (0.136); Price - 2 = 174 (0.114)","NetworkHash - 1 = 0.560 (-0.071); count - 1 = 226 (-0.065); likes_avg - 2 = 58.586 (-0.062)"
166.94,166.77,169.36,0.45532905100000004,0.443388916,0.41350224399999996,0.933017196,0.933672348,0.934710174,0.003444317,0.009758898,0.006314581,0.003271713,0.00247543,0.002366181,0.560089649,0.560541928,0.565753697,0.0545,0.0497,0.0459,0.131208984,0.124967854,0.12983741199999999,226.0,325.0,383.0,84.212389380531,88.32307692307694,55.18798955613577,359.429203539823,31.70769230769231,20.0757180156658,0.1946902654867257,0.13072738461538466,0.16500887728459535,1/21/20 12:00 AM,167.79,179.31735705097338,"Price - 0 = 169.360 (0.940); likes_avg - 0 = 55.188 (0.133); Price - 2 = 166.940 (0.114)","NetworkHash - 1 = 0.561 (-0.069); count - 1 = 325 (-0.065); likes_avg - 2 = 84.212 (-0.064)"
166.77,169.36,167.79,0.443388916,0.41350224399999996,0.379988744,0.933672348,0.934710174,0.935730513,0.009758898,0.006314581,0.013203215,0.00247543,0.002366181,0.0028110709999999996,0.560541928,0.565753697,0.556313872,0.0497,0.0459,0.0422,0.124967854,0.12983741199999999,0.122234234,325.0,383.0,376.0,88.32307692307694,55.18798955613577,106.04787234042551,31.70769230769231,20.0757180156658,156.1622340425532,0.13072738461538466,0.16500887728459535,0.20005744680851065,1/22/20 12:00 AM,162.63,177.30622879021934,"Price - 0 = 167.790 (0.941); likes_avg - 0 = 106.048 (0.135); Price - 2 = 166.770 (0.124)","likes_avg - 2 = 88.323 (-0.070); NetworkHash - 1 = 0.566 (-0.066); count - 1 = 383 (-0.063)"
169.36,167.79,162.63,0.41350224399999996,0.379988744,0.40873494,0.934710174,0.935730513,0.936307236,0.006314581,0.013203215,0.003444317,0.002366181,0.0028110709999999996,0.00175824,0.565753697,0.556313872,0.562855977,0.0459,0.0422,0.0427,0.12983741199999999,0.122234234,0.131890008,383.0,376.0,429.0,55.18798955613577,106.04787234042551,54.2004662004662,20.0757180156658,156.1622340425532,101.21445221445221,0.16500887728459535,0.20005744680851065,0.16380279720279714,1/23/20 12:00 AM,162.45,171.7815578936333,"Price - 0 = 162.630 (0.947); Price - 2 = 169.360 (0.131); likes_avg - 0 = 54.200 (0.126)","NetworkHash - 1 = 0.556 (-0.064); NetworkHash - 0 = 0.563 (-0.063); count - 1 = 376 (-0.057)"
167.79,162.63,162.45,0.379988744,0.40873494,0.36765559700000006,0.935730513,0.936307236,0.936811631,0.013203215,0.003444317,0.008036739000000001,0.0028110709999999996,0.00175824,0.001052023,0.556313872,0.562855977,0.568402444,0.0422,0.0427,0.042,0.122234234,0.131890008,0.12468211,376.0,429.0,359.0,106.04787234042551,54.2004662004662,61.264623955431745,156.1622340425532,101.21445221445221,53.1782729805014,0.20005744680851065,0.16380279720279714,0.2465370473537604,1/24/20 12:00 AM,160.36,172.1081512664877,"Price - 0 = 162.450 (0.935); likes_avg - 0 = 61.265 (0.132); Price - 2 = 167.790 (0.125)","NetworkHash - 1 = 0.563 (-0.062); NetworkHash - 0 = 0.568 (-0.056); count - 1 = 429 (-0.055)"
162.63,162.45,160.36,0.40873494,0.36765559700000006,0.321962447,0.936307236,0.936811631,0.9374856140000001,0.003444317,0.008036739000000001,0.01435132,0.00175824,0.001052023,2.08257E-4,0.562855977,0.568402444,0.5604508189999999,0.0427,0.042,0.0315,0.131890008,0.12468211,0.12535122699999998,429.0,359.0,253.0,54.2004662004662,61.264623955431745,152.92885375494072,101.21445221445221,53.1782729805014,122.0909090909091,0.16380279720279714,0.2465370473537604,0.17142094861660076,1/25/20 12:00 AM,167.72,171.5531533833327,"Price - 0 = 160.360 (0.936); Price - 2 = 162.630 (0.147); likes_avg - 0 = 152.929 (0.131)","NetworkHash - 0 = 0.560 (-0.070); NetworkHash - 1 = 0.568 (-0.051); likes_avg - 2 = 54.200 (-0.046)"
162.45,160.36,167.72,0.36765559700000006,0.321962447,0.317011985,0.936811631,0.9374856140000001,0.938039152,0.008036739000000001,0.01435132,0.013777268,0.001052023,2.08257E-4,0.0,0.568402444,0.5604508189999999,0.553658051,0.042,0.0315,0.0321,0.12468211,0.12535122699999998,0.124324929,359.0,253.0,297.0,61.264623955431745,152.92885375494072,180.74747474747474,53.1782729805014,122.0909090909091,4992.86531986532,0.2465370473537604,0.17142094861660076,0.1880949494949495,1/26/20 12:00 AM,169.95,174.36978968211582,"Price - 0 = 167.720 (0.941); likes_avg - 0 = 180.747 (0.143); Price - 2 = 162.450 (0.123)","NetworkHash - 1 = 0.560 (-0.066); likes_avg - 2 = 61.265 (-0.064); count - 1 = 253 (-0.054)"
160.36,167.72,169.95,0.321962447,0.317011985,0.352384505,0.9374856140000001,0.938039152,0.938806169,0.01435132,0.013777268,0.008610791999999999,2.08257E-4,0.0,0.0013795539999999998,0.5604508189999999,0.553658051,0.55917344,0.0315,0.0321,0.0391,0.12535122699999998,0.124324929,0.128527751,253.0,297.0,413.0,152.92885375494072,180.74747474747474,96.20823244552058,122.0909090909091,4992.86531986532,103.13559322033899,0.17142094861660076,0.1880949494949495,0.12941113801452786,1/27/20 12:00 AM,176.0,179.13196568169764,"Price - 0 = 169.950 (0.942); Price - 2 = 160.360 (0.130); likes_avg - 0 = 96.208 (0.130)","NetworkHash - 1 = 0.554 (-0.069); likes_avg - 2 = 152.929 (-0.067); count - 1 = 297 (-0.060)"
167.72,169.95,176.0,0.317011985,0.352384505,0.389270489,0.938039152,0.938806169,0.9394321109999999,0.013777268,0.008610791999999999,0.008610791999999999,0.0,0.0013795539999999998,0.001211074,0.553658051,0.55917344,0.548123822,0.0321,0.0391,0.0435,0.124324929,0.128527751,0.12423206199999999,297.0,413.0,480.0,180.74747474747474,96.20823244552058,46.1875,4992.86531986532,103.13559322033899,82.67083333333333,0.1880949494949495,0.12941113801452786,0.19907895833333333,1/28/20 12:00 AM,173.55,182.5717724152109,"Price - 0 = 176 (0.943); likes_avg - 0 = 46.188 (0.134); Price - 2 = 167.720 (0.123)","likes_avg - 2 = 180.747 (-0.065); NetworkHash - 1 = 0.559 (-0.064); AddressCount - 2 = 0.938 (-0.054)"
169.95,176.0,173.55,0.352384505,0.389270489,0.407990443,0.938806169,0.9394321109999999,0.9399970009999999,0.008610791999999999,0.008610791999999999,0.007462687,0.0013795539999999998,0.001211074,0.00132599,0.55917344,0.548123822,0.56150487,0.0391,0.0435,0.0451,0.128527751,0.12423206199999999,0.128906362,413.0,480.0,439.0,96.20823244552058,46.1875,46.18451025056947,103.13559322033899,82.67083333333333,244.85649202733487,0.12941113801452786,0.19907895833333333,0.18922847380410016,1/29/20 12:00 AM,184.47,179.10628322490624,"Price - 0 = 173.550 (0.949); likes_avg - 0 = 46.185 (0.129); Price - 2 = 169.950 (0.117)","NetworkHash - 1 = 0.548 (-0.062); NetworkHash - 0 = 0.562 (-0.059); likes_avg - 2 = 96.208 (-0.057)"
176.0,173.55,184.47,0.389270489,0.407990443,0.41875969999999996,0.9394321109999999,0.9399970009999999,0.940613774,0.008610791999999999,0.007462687,0.017795637,0.001211074,0.00132599,0.001876279,0.548123822,0.56150487,0.547374257,0.0435,0.0451,0.0518,0.12423206199999999,0.128906362,0.121996114,480.0,439.0,473.0,46.1875,46.18451025056947,59.600422832980975,82.67083333333333,244.85649202733487,98.71035940803381,0.19907895833333333,0.18922847380410016,0.17917547568710354,1/30/20 12:00 AM,179.76,183.06491475752222,"Price - 0 = 184.470 (0.951); likes_avg - 0 = 59.600 (0.140); Price - 2 = 176 (0.091)","NetworkHash - 0 = 0.547 (-0.075); likes_avg - 2 = 46.188 (-0.062); NetworkHash - 1 = 0.562 (-0.049)"
173.55,184.47,179.76,0.407990443,0.41875969999999996,0.431592638,0.9399970009999999,0.940613774,0.9411955940000001,0.007462687,0.017795637,0.011481056000000002,0.00132599,0.001876279,0.001764682,0.56150487,0.547374257,0.553926652,0.0451,0.0518,0.0512,0.128906362,0.121996114,0.127491928,439.0,473.0,421.0,46.18451025056947,59.600422832980975,44.161520190023744,244.85649202733487,98.71035940803381,127.19714964370544,0.18922847380410016,0.17917547568710354,0.1887520190023753,1/31/20 12:00 AM,183.66,184.47831121659505,"Price - 0 = 179.760 (0.957); likes_avg - 0 = 44.162 (0.134); Price - 2 = 173.550 (0.100)","NetworkHash - 0 = 0.554 (-0.057); likes_avg - 2 = 46.185 (-0.050); NetworkHash - 1 = 0.547 (-0.047)"
184.47,179.76,183.66,0.41875969999999996,0.431592638,0.40371329100000003,0.940613774,0.9411955940000001,0.9418346790000001,0.017795637,0.011481056000000002,0.013203215,0.001876279,0.001764682,0.002031361,0.547374257,0.553926652,0.544899528,0.0518,0.0512,0.0459,0.121996114,0.127491928,0.12271523699999999,473.0,421.0,248.0,59.600422832980975,44.161520190023744,50.875,98.71035940803381,127.19714964370544,167.15725806451613,0.17917547568710354,0.1887520190023753,0.24470604838709675,2/1/20 12:00 AM,188.39,186.8911379879773,"Price - 0 = 183.660 (0.953); likes_avg - 0 = 50.875 (0.138); BlockTime - 0 = 0.013 (0.071)","NetworkHash - 0 = 0.545 (-0.070); NetworkHash - 1 = 0.554 (-0.057); likes_avg - 2 = 59.600 (-0.050)"
179.76,183.66,188.39,0.431592638,0.40371329100000003,0.39209572299999995,0.9411955940000001,0.9418346790000001,0.9424738290000001,0.011481056000000002,0.013203215,0.009184845,0.001764682,0.002031361,0.001859043,0.553926652,0.544899528,0.562097849,0.0512,0.0459,0.0465,0.127491928,0.12271523699999999,0.127220471,421.0,248.0,288.0,44.161520190023744,50.875,125.94097222222223,127.19714964370544,167.15725806451613,106.48958333333331,0.1887520190023753,0.24470604838709675,0.14895312499999994,2/2/20 12:00 AM,189.77,192.65325857572856,"Price - 0 = 188.390 (0.960); likes_avg - 0 = 125.941 (0.133); Price - 2 = 179.760 (0.078)","NetworkHash - 0 = 0.562 (-0.073); NetworkHash - 1 = 0.545 (-0.050); AddressCount - 2 = 0.941 (-0.046)"
183.66,188.39,189.77,0.40371329100000003,0.39209572299999995,0.459646987,0.9418346790000001,0.9424738290000001,0.94309249,0.013203215,0.009184845,0.006888634,0.002031361,0.001859043,0.0026979359999999997,0.544899528,0.562097849,0.560670669,0.0459,0.0465,0.054,0.12271523699999999,0.127220471,0.127994361,248.0,288.0,375.0,50.875,125.94097222222223,60.42933333333333,167.15725806451613,106.48958333333331,51.00266666666667,0.24470604838709675,0.14895312499999994,0.19725466666666666,2/3/20 12:00 AM,188.44,191.53298095080203,"Price - 0 = 189.770 (0.964); likes_avg - 0 = 60.429 (0.134); BlockTime - 0 = 0.007 (0.067)","NetworkHash - 0 = 0.561 (-0.073); Price - 1 = 188.390 (-0.066); NetworkHash - 1 = 0.562 (-0.054)"
188.39,189.77,188.44,0.39209572299999995,0.459646987,0.387929801,0.9424738290000001,0.94309249,0.9436215109999999,0.009184845,0.006888634,0.005740528000000001,0.001859043,0.0026979359999999997,0.004699545,0.562097849,0.560670669,0.571773857,0.0465,0.054,0.0598,0.127220471,0.127994361,0.132699616,288.0,375.0,420.0,125.94097222222223,60.42933333333333,38.03333333333333,106.48958333333331,51.00266666666667,44.86666666666667,0.14895312499999994,0.19725466666666666,0.19694738095238096,2/4/20 12:00 AM,203.85,191.74184552326,"Price - 0 = 188.440 (0.961); likes_avg - 0 = 38.033 (0.131); Price - 2 = 188.390 (0.063)","NetworkHash - 0 = 0.572 (-0.077); Price - 1 = 189.770 (-0.057); NetworkHash - 1 = 0.561 (-0.055)"
189.77,188.44,203.85,0.459646987,0.387929801,0.451926906,0.94309249,0.9436215109999999,0.9442324990000001,0.006888634,0.005740528000000001,0.016647532,0.0026979359999999997,0.004699545,0.005456333000000001,0.560670669,0.571773857,0.562021538,0.054,0.0598,0.0739,0.127994361,0.132699616,0.12439874699999999,375.0,420.0,527.0,60.42933333333333,38.03333333333333,75.46489563567363,51.00266666666667,44.86666666666667,86.4819734345351,0.19725466666666666,0.19694738095238096,0.2128286527514231,2/5/20 12:00 AM,212.88,198.22128775554842,"Price - 0 = 203.850 (0.953); likes_avg - 0 = 75.465 (0.118); AddressCount - 1 = 0.944 (0.061)","NetworkHash - 0 = 0.562 (-0.088); NetworkHash - 1 = 0.572 (-0.071); Price - 1 = 188.440 (-0.067)"
188.44,203.85,212.88,0.387929801,0.451926906,0.44875686,0.9436215109999999,0.9442324990000001,0.944871747,0.005740528000000001,0.016647532,0.006888634,0.004699545,0.005456333000000001,0.006068658,0.571773857,0.562021538,0.565014773,0.0598,0.0739,0.0819,0.132699616,0.12439874699999999,0.128846832,420.0,527.0,488.0,38.03333333333333,75.46489563567363,124.3155737704918,44.86666666666667,86.4819734345351,58.19262295081968,0.19694738095238096,0.2128286527514231,0.2663663934426229,2/6/20 12:00 AM,223.14,223.55055372791497,"Price - 0 = 212.880 (0.946); likes_avg - 0 = 124.316 (0.108); Price - 2 = 188.440 (0.069)","Price - 1 = 203.850 (-0.088); NetworkHash - 0 = 0.565 (-0.070); NetworkHash - 1 = 0.562 (-0.057)"
203.85,212.88,223.14,0.451926906,0.44875686,0.463399876,0.9442324990000001,0.944871747,0.945614815,0.016647532,0.006888634,0.010332951,0.005456333000000001,0.006068658,0.00619029,0.562021538,0.565014773,0.564138733,0.0739,0.0819,0.0823,0.12439874699999999,0.128846832,0.128956367,527.0,488.0,491.0,75.46489563567363,124.3155737704918,60.219959266802434,86.4819734345351,58.19262295081968,145.20162932790225,0.2128286527514231,0.2663663934426229,0.2213136456211812,2/7/20 12:00 AM,223.2,230.42352479162759,"Price - 0 = 223.140 (0.925); likes_avg - 0 = 60.220 (0.114); AddressCount - 1 = 0.945 (0.075)","NetworkHash - 2 = 0.562 (-0.097); NetworkHash - 0 = 0.564 (-0.092); Price - 1 = 212.880 (-0.088)"
212.88,223.14,223.2,0.44875686,0.463399876,0.489647854,0.944871747,0.945614815,0.946910395,0.006888634,0.010332951,0.012629162,0.006068658,0.00619029,0.0046759309999999995,0.565014773,0.564138733,0.573622187,0.0819,0.0823,0.0666,0.128846832,0.128956367,0.125144063,488.0,491.0,360.0,124.3155737704918,60.219959266802434,82.2638888888889,58.19262295081968,145.20162932790225,150.18888888888893,0.2663663934426229,0.2213136456211812,0.1721697222222222,2/8/20 12:00 AM,228.6,224.0288668435732,"Price - 0 = 223.200 (0.928); likes_avg - 0 = 82.264 (0.117); AddressCount - 1 = 0.946 (0.076)","NetworkHash - 2 = 0.565 (-0.092); NetworkHash - 0 = 0.574 (-0.087); NetworkHash - 1 = 0.564 (-0.076)"
223.14,223.2,228.6,0.463399876,0.489647854,0.465163978,0.945614815,0.946910395,0.9477628929999999,0.010332951,0.012629162,0.013203215,0.00619029,0.0046759309999999995,0.00419202,0.564138733,0.573622187,0.56469557,0.0823,0.0666,0.062,0.128956367,0.125144063,0.124284449,491.0,360.0,403.0,60.219959266802434,82.2638888888889,91.68238213399506,145.20162932790225,150.18888888888893,70.30769230769229,0.2213136456211812,0.1721697222222222,0.16093449131513649,2/9/20 12:00 AM,223.11,223.85218764866835,"Price - 0 = 228.600 (0.924); likes_avg - 0 = 91.682 (0.136); BlockReward - 0 = 0.124 (0.075)","NetworkHash - 2 = 0.564 (-0.120); NetworkHash - 0 = 0.565 (-0.097); Price - 1 = 223.200 (-0.080)"
223.2,228.6,223.11,0.489647854,0.465163978,0.494920882,0.946910395,0.9477628929999999,0.94880371,0.012629162,0.013203215,0.005166475,0.0046759309999999995,0.00419202,0.004325535,0.573622187,0.56469557,0.57142915,0.0666,0.062,0.066,0.125144063,0.124284449,0.130542247,360.0,403.0,323.0,82.2638888888889,91.68238213399506,52.1671826625387,150.18888888888893,70.30769230769229,264.69659442724463,0.1721697222222222,0.16093449131513649,0.1900625386996904,2/10/20 12:00 AM,237.8,226.2161013523782,"Price - 0 = 223.110 (0.932); likes_avg - 0 = 52.167 (0.119); AddressCount - 1 = 0.948 (0.074)","NetworkHash - 0 = 0.571 (-0.075); NetworkHash - 2 = 0.574 (-0.074); Price - 1 = 228.600 (-0.074)"
228.6,223.11,237.8,0.465163978,0.494920882,0.524967725,0.9477628929999999,0.94880371,0.949673063,0.013203215,0.005166475,0.008610791999999999,0.00419202,0.004325535,0.004154283,0.56469557,0.57142915,0.577794603,0.062,0.066,0.0717,0.124284449,0.130542247,0.12816818900000002,403.0,323.0,387.0,91.68238213399506,52.1671826625387,101.64857881136949,70.30769230769229,264.69659442724463,98.25322997416019,0.16093449131513649,0.1900625386996904,0.22162041343669248,2/11/20 12:00 AM,266.13,227.87438774413562,"Price - 0 = 237.800 (0.921); likes_avg - 0 = 101.649 (0.156); BlockReward - 0 = 0.128 (0.091)","NetworkHash - 2 = 0.565 (-0.119); Price - 1 = 223.110 (-0.117); NetworkHash - 1 = 0.571 (-0.106)"
223.11,237.8,266.13,0.494920882,0.524967725,0.590876497,0.94880371,0.949673063,0.950800737,0.005166475,0.008610791999999999,0.015499426,0.004325535,0.004154283,0.005780845,0.57142915,0.577794603,0.581116516,0.066,0.0717,0.1,0.130542247,0.12816818900000002,0.126272752,323.0,387.0,358.0,52.1671826625387,101.64857881136949,128.39664804469274,264.69659442724463,98.25322997416019,222.6396648044693,0.1900625386996904,0.22162041343669248,0.19470642458100565,2/12/20 12:00 AM,268.56,247.75510471712,"Price - 0 = 266.130 (0.944); likes_avg - 0 = 128.397 (0.167); TxGrowth - 0 = 0.591 (0.117)","Price - 1 = 237.800 (-0.107); NetworkHash - 0 = 0.581 (-0.092); sentiment_avg - 1 = 0.222 (-0.088)"
237.8,266.13,268.56,0.524967725,0.590876497,0.566110098,0.949673063,0.950800737,0.952005104,0.008610791999999999,0.015499426,0.012629162,0.004154283,0.005780845,0.006391269000000001,0.577794603,0.581116516,0.590144378,0.0717,0.1,0.0916,0.12816818900000002,0.126272752,0.126675175,387.0,358.0,454.0,101.64857881136949,128.39664804469274,80.90748898678414,98.25322997416019,222.6396648044693,108.15859030837005,0.22162041343669248,0.19470642458100565,0.19171167400881053,2/13/20 12:00 AM,285.79,243.3511526684942,"Price - 0 = 268.560 (0.940); likes_avg - 0 = 80.907 (0.158); TxGrowth - 0 = 0.566 (0.101)","NetworkHash - 0 = 0.590 (-0.110); Price - 1 = 266.130 (-0.109); sentiment_avg - 1 = 0.195 (-0.067)"
266.13,268.56,285.79,0.590876497,0.566110098,0.571348274,0.950800737,0.952005104,0.9527744029999999,0.015499426,0.012629162,0.010332951,0.005780845,0.006391269000000001,0.005681793,0.581116516,0.590144378,0.5953230070000001,0.1,0.0916,0.0884,0.126272752,0.126675175,0.129892179,358.0,454.0,431.0,128.39664804469274,80.90748898678414,71.86310904872391,222.6396648044693,108.15859030837005,51.17865429234339,0.19470642458100565,0.19171167400881053,0.2295361948955917,2/14/20 12:00 AM,264.85,266.70009047377056,"Price - 0 = 285.790 (0.907); likes_avg - 0 = 71.863 (0.125); TxGrowth - 0 = 0.571 (0.088)","NetworkHash - 0 = 0.595 (-0.121); Price - 1 = 268.560 (-0.109); sentiment_avg - 1 = 0.192 (-0.086)"
268.56,285.79,264.85,0.566110098,0.571348274,0.517456756,0.952005104,0.9527744029999999,0.9537938359999999,0.012629162,0.010332951,0.01435132,0.006391269000000001,0.005681793,0.0062160209999999995,0.590144378,0.5953230070000001,0.594508435,0.0916,0.0884,0.0841,0.126675175,0.129892179,0.125934622,454.0,431.0,472.0,80.90748898678414,71.86310904872391,77.83050847457628,108.15859030837005,51.17865429234339,395.5021186440678,0.19171167400881053,0.2295361948955917,0.15695360169491526,2/15/20 12:00 AM,259.43,241.7098774237292,"Price - 0 = 264.850 (0.946); likes_avg - 0 = 77.831 (0.177); retweets_avg - 0 = 395.502 (0.098)","Price - 1 = 285.790 (-0.123); NetworkHash - 0 = 0.595 (-0.100); sentiment_avg - 1 = 0.230 (-0.097)"
285.79,264.85,259.43,0.571348274,0.517456756,0.489529951,0.9527744029999999,0.9537938359999999,0.954463878,0.010332951,0.01435132,0.005740528000000001,0.005681793,0.0062160209999999995,0.005613519,0.5953230070000001,0.594508435,0.599646025,0.0884,0.0841,0.1,0.129892179,0.125934622,0.130361276,431.0,472.0,367.0,71.86310904872391,77.83050847457628,61.90190735694822,51.17865429234339,395.5021186440678,99.2425068119891,0.2295361948955917,0.15695360169491526,0.1907773841961853,2/16/20 12:00 AM,268.07,239.70968359128705,"Price - 0 = 259.430 (0.950); likes_avg - 0 = 61.902 (0.162); BlockTime - 0 = 0.006 (0.100)","Price - 1 = 264.850 (-0.132); NetworkHash - 0 = 0.600 (-0.102); NetworkHash - 1 = 0.595 (-0.091)"
264.85,259.43,268.07,0.517456756,0.489529951,0.51465006,0.9537938359999999,0.954463878,0.9552702129999999,0.01435132,0.005740528000000001,0.015499426,0.0062160209999999995,0.005613519,0.004988304,0.594508435,0.599646025,0.598219296,0.0841,0.1,0.0811,0.125934622,0.130361276,0.124844031,472.0,367.0,442.0,77.83050847457628,61.90190735694822,75.36651583710406,395.5021186440678,99.2425068119891,199.0837104072398,0.15695360169491526,0.1907773841961853,0.1457339366515837,2/17/20 12:00 AM,282.92,242.0062073723147,"Price - 0 = 268.070 (0.951); likes_avg - 0 = 75.367 (0.166); retweets_avg - 0 = 199.084 (0.095)","Price - 1 = 259.430 (-0.112); NetworkHash - 0 = 0.598 (-0.108); likes_avg - 1 = 61.902 (-0.067)"
259.43,268.07,282.92,0.489529951,0.51465006,0.543285769,0.954463878,0.9552702129999999,0.9562501640000001,0.005740528000000001,0.015499426,0.010332951,0.005613519,0.004988304,0.004148322,0.599646025,0.598219296,0.602015005,0.1,0.0811,0.0757,0.130361276,0.124844031,0.12628942099999999,367.0,442.0,495.0,61.90190735694822,75.36651583710406,60.97979797979797,99.2425068119891,199.0837104072398,30.31111111111111,0.1907773841961853,0.1457339366515837,0.13241555555555554,2/18/20 12:00 AM,258.72,257.1295030575911,"Price - 0 = 282.920 (0.925); likes_avg - 0 = 60.980 (0.123); retweets_avg - 0 = 30.311 (0.085)","NetworkHash - 0 = 0.602 (-0.116); Price - 1 = 268.070 (-0.110); sentiment_avg - 1 = 0.146 (-0.072)"
268.07,282.92,258.72,0.51465006,0.543285769,0.514999321,0.9552702129999999,0.9562501640000001,0.9571992779999999,0.015499426,0.010332951,0.00401837,0.004988304,0.004148322,0.005108374000000001,0.598219296,0.602015005,0.629730617,0.0811,0.0757,0.0826,0.124844031,0.12628942099999999,0.133173475,442.0,495.0,571.0,75.36651583710406,60.97979797979797,55.03152364273205,199.0837104072398,30.31111111111111,73.61295971978984,0.1457339366515837,0.13241555555555554,0.1619583187390542,2/19/20 12:00 AM,257.7,238.46022467247343,"Price - 0 = 258.720 (0.954); likes_avg - 0 = 55.032 (0.164); BlockTime - 0 = 0.004 (0.101)","Price - 1 = 282.920 (-0.142); NetworkHash - 0 = 0.630 (-0.092); NetworkHash - 1 = 0.602 (-0.068)"
282.92,258.72,257.7,0.543285769,0.514999321,0.510374392,0.9562501640000001,0.9571992779999999,0.958011093,0.010332951,0.00401837,0.014925373,0.004148322,0.005108374000000001,0.005028567,0.602015005,0.629730617,0.6072494970000001,0.0757,0.0826,0.087,0.12628942099999999,0.133173475,0.12476783300000001,495.0,571.0,442.0,60.97979797979797,55.03152364273205,46.613122171945705,30.31111111111111,73.61295971978984,222.5656108597285,0.13241555555555554,0.1619583187390542,0.2192013574660633,2/20/20 12:00 AM,265.6,234.38530423517471,"Price - 0 = 257.700 (0.953); likes_avg - 0 = 46.613 (0.149); BlockTime - 0 = 0.015 (0.099)","Price - 1 = 258.720 (-0.123); NetworkHash - 0 = 0.607 (-0.100); count - 1 = 571 (-0.062)"
258.72,257.7,265.6,0.514999321,0.510374392,0.496242291,0.9571992779999999,0.958011093,0.958963635,0.00401837,0.014925373,0.012629162,0.005108374000000001,0.005028567,0.0023325060000000002,0.629730617,0.6072494970000001,0.597718459,0.0826,0.087,0.0576,0.133173475,0.12476783300000001,0.124193963,571.0,442.0,398.0,55.03152364273205,46.613122171945705,67.51507537688443,73.61295971978984,222.5656108597285,241.6658291457286,0.1619583187390542,0.2192013574660633,0.14119045226130655,2/21/20 12:00 AM,262.31,242.91209631997293,"Price - 0 = 265.600 (0.952); likes_avg - 0 = 67.515 (0.172); retweets_avg - 0 = 241.666 (0.102)","Price - 1 = 257.700 (-0.111); NetworkHash - 0 = 0.598 (-0.095); sentiment_avg - 1 = 0.219 (-0.085)"
257.7,265.6,262.31,0.510374392,0.496242291,0.448277831,0.958011093,0.958963635,0.9599027929999999,0.014925373,0.012629162,0.012629162,0.005028567,0.0023325060000000002,0.00326258,0.6072494970000001,0.597718459,0.613654562,0.087,0.0576,0.0513,0.12476783300000001,0.124193963,0.128313442,442.0,398.0,451.0,46.613122171945705,67.51507537688443,45.654101995565405,222.5656108597285,241.6658291457286,110.54323725055431,0.2192013574660633,0.14119045226130655,0.1505760532150776,2/22/20 12:00 AM,275.64,237.86245813897943,"Price - 0 = 262.310 (0.955); likes_avg - 0 = 45.654 (0.160); BlockTime - 0 = 0.013 (0.094)","Price - 1 = 265.600 (-0.122); NetworkHash - 0 = 0.614 (-0.089); NetworkHash - 1 = 0.598 (-0.082)"
265.6,262.31,275.64,0.496242291,0.448277831,0.448597431,0.958963635,0.9599027929999999,0.960675858,0.012629162,0.012629162,0.009184845,0.0023325060000000002,0.00326258,0.006047519,0.597718459,0.613654562,0.6087530520000001,0.0576,0.0513,0.0608,0.124193963,0.128313442,0.127151416,398.0,451.0,251.0,67.51507537688443,45.654101995565405,79.95617529880478,241.6658291457286,110.54323725055431,32.557768924302785,0.14119045226130655,0.1505760532150776,0.13166772908366536,2/23/20 12:00 AM,265.74,250.63522175200882,"Price - 0 = 275.640 (0.945); likes_avg - 0 = 79.956 (0.147); retweets_avg - 0 = 32.558 (0.083)","Price - 1 = 262.310 (-0.133); NetworkHash - 0 = 0.609 (-0.105); sentiment_avg - 1 = 0.151 (-0.059)"
262.31,275.64,265.74,0.448277831,0.448597431,0.508966966,0.9599027929999999,0.960675858,0.961479541,0.012629162,0.009184845,0.012629162,0.00326258,0.006047519,0.005134392,0.613654562,0.6087530520000001,0.6162951,0.0513,0.0608,0.0689,0.128313442,0.127151416,0.12300336199999999,451.0,251.0,528.0,45.654101995565405,79.95617529880478,80.21401515151516,110.54323725055431,32.557768924302785,28.49621212121212,0.1505760532150776,0.13166772908366536,0.13802329545454545,2/24/20 12:00 AM,246.84,240.83153392399794,"Price - 0 = 265.740 (0.955); likes_avg - 0 = 80.214 (0.169); retweets_avg - 0 = 28.496 (0.097)","Price - 1 = 275.640 (-0.116); NetworkHash - 0 = 0.616 (-0.092); NetworkHash - 1 = 0.609 (-0.054)"
275.64,265.74,246.84,0.448597431,0.508966966,0.49603095399999997,0.960675858,0.961479541,0.962310896,0.009184845,0.012629162,0.020091848,0.006047519,0.005134392,0.004688389,0.6087530520000001,0.6162951,0.6001511629999999,0.0608,0.0689,0.0803,0.127151416,0.12300336199999999,0.122779529,251.0,528.0,538.0,79.95617529880478,80.21401515151516,82.9721189591078,32.557768924302785,28.49621212121212,43.89591078066915,0.13166772908366536,0.13802329545454545,0.12972825278810404,2/25/20 12:00 AM,223.73,219.65907560314184,"Price - 0 = 246.840 (0.942); likes_avg - 0 = 82.972 (0.171); retweets_avg - 0 = 43.896 (0.077)","Price - 1 = 265.740 (-0.140); NetworkHash - 0 = 0.600 (-0.101); NetworkHash - 1 = 0.616 (-0.074)"
265.74,246.84,223.73,0.508966966,0.49603095399999997,0.521741323,0.961479541,0.962310896,0.9634124479999999,0.012629162,0.020091848,0.006888634,0.005134392,0.004688389,0.007475633000000001,0.6162951,0.6001511629999999,0.608102075,0.0689,0.0803,0.14400000000000002,0.12300336199999999,0.122779529,0.12916115,528.0,538.0,496.0,80.21401515151516,82.9721189591078,57.699596774193544,28.49621212121212,43.89591078066915,33.66129032258065,0.13802329545454545,0.12972825278810404,0.16051633064516127,2/26/20 12:00 AM,227.57,223.0900646174759,"Price - 0 = 223.730 (0.936); likes_avg - 0 = 57.700 (0.146); TxGrowth - 0 = 0.522 (0.088)","NetworkHash - 0 = 0.608 (-0.079); retweets_avg - 1 = 43.896 (-0.075); NetworkHash - 1 = 0.600 (-0.075)"
246.84,223.73,227.57,0.49603095399999997,0.521741323,0.52882517,0.962310896,0.9634124479999999,0.964468012,0.020091848,0.006888634,0.011481056000000002,0.004688389,0.007475633000000001,0.004874366,0.6001511629999999,0.608102075,0.628708625,0.0803,0.14400000000000002,0.0924,0.122779529,0.12916115,0.12652516,538.0,496.0,474.0,82.9721189591078,57.699596774193544,84.65822784810126,43.89591078066915,33.66129032258065,199.08227848101262,0.12972825278810404,0.16051633064516127,0.1624185654008439,2/27/20 12:00 AM,227.56,225.8312622121502,"Price - 0 = 227.570 (0.932); likes_avg - 0 = 84.658 (0.148); TxGrowth - 0 = 0.529 (0.080)","NetworkHash - 0 = 0.629 (-0.096); Price - 1 = 223.730 (-0.079); NetworkHash - 2 = 0.600 (-0.067)"
223.73,227.57,227.56,0.521741323,0.52882517,0.509702564,0.9634124479999999,0.964468012,0.966033615,0.006888634,0.011481056000000002,0.012055109,0.007475633000000001,0.004874366,0.0047967190000000005,0.608102075,0.628708625,0.61474129,0.14400000000000002,0.0924,0.0785,0.12916115,0.12652516,0.126870434,496.0,474.0,460.0,57.699596774193544,84.65822784810126,45.92608695652174,33.66129032258065,199.08227848101262,280.05217391304353,0.16051633064516127,0.1624185654008439,0.14781347826086955,2/28/20 12:00 AM,217.68,217.42360399968123,"Price - 0 = 227.560 (0.931); likes_avg - 0 = 45.926 (0.146); TxGrowth - 0 = 0.510 (0.083)","NetworkHash - 0 = 0.615 (-0.089); Price - 1 = 227.570 (-0.078); retweets_avg - 1 = 199.082 (-0.068)"
227.57,227.56,217.68,0.52882517,0.509702564,0.459108635,0.964468012,0.966033615,0.966932931,0.011481056000000002,0.012055109,0.010332951,0.004874366,0.0047967190000000005,0.002873487,0.628708625,0.61474129,0.6152321860000001,0.0924,0.0785,0.0548,0.12652516,0.126870434,0.125656021,474.0,460.0,351.0,84.65822784810126,45.92608695652174,40.74074074074074,199.08227848101262,280.05217391304353,447.991452991453,0.1624185654008439,0.14781347826086955,0.2340552706552707,2/29/20 12:00 AM,218.02,215.26489349293655,"Price - 0 = 217.680 (0.948); likes_avg - 0 = 40.741 (0.118); BlockTime - 0 = 0.010 (0.073)","NetworkHash - 0 = 0.615 (-0.087); Price - 1 = 227.560 (-0.083); NetworkHash - 1 = 0.615 (-0.064)"
227.56,217.68,218.02,0.509702564,0.459108635,0.465066838,0.966033615,0.966932931,0.9681366990000001,0.012055109,0.010332951,0.012055109,0.0047967190000000005,0.002873487,0.003267383,0.61474129,0.6152321860000001,0.608133654,0.0785,0.0548,0.058,0.126870434,0.125656021,0.12402966,460.0,351.0,302.0,45.92608695652174,40.74074074074074,52.57947019867549,280.05217391304353,447.991452991453,447.51324503311264,0.14781347826086955,0.2340552706552707,0.06543013245033114,3/1/20 12:00 AM,232.09,208.57950250457174,"Price - 0 = 218.020 (0.943); likes_avg - 0 = 52.579 (0.114); BlockTime - 0 = 0.012 (0.075)","NetworkHash - 0 = 0.608 (-0.093); Price - 1 = 217.680 (-0.069); NetworkHash - 1 = 0.615 (-0.069)"
217.68,218.02,232.09,0.459108635,0.465066838,0.504350934,0.966932931,0.9681366990000001,0.969133012,0.010332951,0.012055109,0.009184845,0.002873487,0.003267383,0.0029393609999999997,0.6152321860000001,0.608133654,0.603670728,0.0548,0.058,0.0596,0.125656021,0.12402966,0.127632419,351.0,302.0,441.0,40.74074074074074,52.57947019867549,51.53514739229025,447.991452991453,447.51324503311264,96.25623582766441,0.2340552706552707,0.06543013245033114,0.1235387755102041,3/2/20 12:00 AM,223.77,217.29407118321063,"Price - 0 = 232.090 (0.933); likes_avg - 0 = 51.535 (0.159); TxGrowth - 0 = 0.504 (0.088)","Price - 1 = 218.020 (-0.113); NetworkHash - 1 = 0.608 (-0.084); NetworkHash - 0 = 0.604 (-0.081)"
218.02,232.09,223.77,0.465066838,0.504350934,0.489477302,0.9681366990000001,0.969133012,0.970487384,0.012055109,0.009184845,0.011481056000000002,0.003267383,0.0029393609999999997,0.003636533,0.608133654,0.603670728,0.609757629,0.058,0.0596,0.0629,0.12402966,0.127632419,0.128851594,302.0,441.0,520.0,52.57947019867549,51.53514739229025,91.89807692307691,447.51324503311264,96.25623582766441,60.00192307692308,0.06543013245033114,0.1235387755102041,0.15307961538461548,3/3/20 12:00 AM,224.68,223.91175711261707,"Price - 0 = 223.770 (0.938); likes_avg - 0 = 91.898 (0.138); TxGrowth - 0 = 0.489 (0.076)","NetworkHash - 0 = 0.610 (-0.078); Price - 1 = 232.090 (-0.077); retweets_avg - 1 = 96.256 (-0.075)"
232.09,223.77,224.68,0.504350934,0.489477302,0.49136598200000003,0.969133012,0.970487384,0.971500006,0.009184845,0.011481056000000002,0.006888634,0.0029393609999999997,0.003636533,0.003854292,0.603670728,0.609757629,0.617493965,0.0596,0.0629,0.0635,0.127632419,0.128851594,0.130239835,441.0,520.0,555.0,51.53514739229025,91.89807692307691,95.62162162162164,96.25623582766441,60.00192307692308,91.82882882882885,0.1235387755102041,0.15307961538461548,0.17813549549549546,3/4/20 12:00 AM,228.7,226.84240663076883,"Price - 0 = 224.680 (0.937); likes_avg - 0 = 95.622 (0.145); TxGrowth - 0 = 0.491 (0.077)","NetworkHash - 0 = 0.617 (-0.080); Price - 1 = 223.770 (-0.078); retweets_avg - 1 = 60.002 (-0.074)"
223.77,224.68,228.7,0.489477302,0.49136598200000003,0.533001473,0.970487384,0.971500006,0.972420007,0.011481056000000002,0.006888634,0.024110218,0.003636533,0.003854292,0.00450332,0.609757629,0.617493965,0.611891318,0.0629,0.0635,0.0732,0.128851594,0.130239835,0.118919601,520.0,555.0,466.0,91.89807692307691,95.62162162162164,107.568669527897,60.00192307692308,91.82882882882885,478.9420600858369,0.15307961538461548,0.17813549549549546,0.20412575107296133,3/5/20 12:00 AM,245.76,220.17115986992388,"Price - 0 = 228.700 (0.930); likes_avg - 0 = 107.569 (0.159); TxGrowth - 0 = 0.533 (0.090)","NetworkHash - 0 = 0.612 (-0.099); Price - 1 = 224.680 (-0.088); NetworkHash - 1 = 0.617 (-0.068)"
224.68,228.7,245.76,0.49136598200000003,0.533001473,0.500882051,0.971500006,0.972420007,0.973593167,0.006888634,0.024110218,0.005740528000000001,0.003854292,0.00450332,0.004162803,0.617493965,0.611891318,0.602595825,0.0635,0.0732,0.0676,0.130239835,0.118919601,0.131185172,555.0,466.0,452.0,95.62162162162164,107.568669527897,84.36725663716814,91.82882882882885,478.9420600858369,142.19026548672562,0.17813549549549546,0.20412575107296133,0.15696858407079647,3/6/20 12:00 AM,237.78,224.58095978458545,"Price - 0 = 245.760 (0.937); likes_avg - 0 = 84.367 (0.163); BlockTime - 0 = 0.006 (0.080)","Price - 1 = 228.700 (-0.137); NetworkHash - 0 = 0.603 (-0.091); NetworkHash - 1 = 0.612 (-0.081)"
228.7,245.76,237.78,0.533001473,0.500882051,0.466914734,0.972420007,0.973593167,0.9744418229999999,0.024110218,0.005740528000000001,0.006888634,0.00450332,0.004162803,0.003934254,0.611891318,0.602595825,0.612409677,0.0732,0.0676,0.0621,0.118919601,0.131185172,0.128522988,466.0,452.0,477.0,107.568669527897,84.36725663716814,95.65199161425578,478.9420600858369,142.19026548672562,400.9433962264151,0.20412575107296133,0.15696858407079647,0.13995953878406708,3/7/20 12:00 AM,199.68,224.9758712034872,"Price - 0 = 237.780 (0.932); likes_avg - 0 = 95.652 (0.164); BlockReward - 0 = 0.129 (0.078)","Price - 1 = 245.760 (-0.118); NetworkHash - 1 = 0.603 (-0.103); NetworkHash - 0 = 0.612 (-0.076)"
245.76,237.78,199.68,0.500882051,0.466914734,0.49032709700000005,0.973593167,0.9744418229999999,0.9753915809999999,0.005740528000000001,0.006888634,0.006314581,0.004162803,0.003934254,0.006123423,0.602595825,0.612409677,0.6281263029999999,0.0676,0.0621,0.115,0.131185172,0.128522988,0.130277934,452.0,477.0,465.0,84.36725663716814,95.65199161425578,57.972043010752685,142.19026548672562,400.9433962264151,208.33118279569888,0.15696858407079647,0.13995953878406708,0.13934602150537634,3/8/20 12:00 AM,203.08,200.26638340695894,"Price - 0 = 199.680 (0.964); likes_avg - 0 = 57.972 (0.128); count - 0 = 465 (0.059)","Price - 1 = 237.780 (-0.101); NetworkHash - 0 = 0.628 (-0.087); NetworkHash - 1 = 0.612 (-0.085)"
237.78,199.68,203.08,0.466914734,0.49032709700000005,0.580437963,0.9744418229999999,0.9753915809999999,0.976413634,0.006888634,0.006314581,0.018943743,0.003934254,0.006123423,0.007379636,0.612409677,0.6281263029999999,0.614332177,0.0621,0.115,0.127,0.128522988,0.130277934,0.12236996300000001,477.0,465.0,640.0,95.65199161425578,57.972043010752685,80.059375,400.9433962264151,208.33118279569888,412.3859375,0.13995953878406708,0.13934602150537634,0.10500390625,3/9/20 12:00 AM,200.62,196.01674373089003,"Price - 0 = 203.080 (0.955); likes_avg - 0 = 80.059 (0.127); TxGrowth - 0 = 0.580 (0.106)","Price - 1 = 199.680 (-0.085); NetworkHash - 0 = 0.614 (-0.085); NetworkHash - 1 = 0.628 (-0.083)"
199.68,203.08,200.62,0.49032709700000005,0.580437963,0.563014206,0.9753915809999999,0.976413634,0.977489567,0.006314581,0.018943743,0.011481056000000002,0.006123423,0.007379636,0.004513157,0.6281263029999999,0.614332177,0.61576499,0.115,0.127,0.0794,0.130277934,0.12236996300000001,0.127758622,465.0,640.0,543.0,57.972043010752685,80.059375,90.02762430939227,208.33118279569888,412.3859375,782.1362799263353,0.13934602150537634,0.10500390625,0.16008876611418052,3/10/20 12:00 AM,194.86,196.3300008315327,"Price - 0 = 200.620 (0.954); likes_avg - 0 = 90.028 (0.139); TxGrowth - 0 = 0.563 (0.085)","Price - 1 = 203.080 (-0.079); NetworkHash - 1 = 0.614 (-0.078); NetworkHash - 0 = 0.616 (-0.076)"
203.08,200.62,194.86,0.580437963,0.563014206,0.52777442,0.976413634,0.977489567,0.978597418,0.018943743,0.011481056000000002,0.008610791999999999,0.007379636,0.004513157,0.005967821,0.614332177,0.61576499,0.606400435,0.127,0.0794,0.0993,0.12236996300000001,0.127758622,0.128627761,640.0,543.0,632.0,80.059375,90.02762430939227,72.94303797468355,412.3859375,782.1362799263353,485.1803797468354,0.10500390625,0.16008876611418052,0.09325648734177214,3/11/20 12:00 AM,109.78,194.08947222786622,"Price - 0 = 194.860 (0.956); likes_avg - 0 = 72.943 (0.144); Price - 2 = 203.080 (0.081)","NetworkHash - 1 = 0.616 (-0.091); Price - 1 = 200.620 (-0.071); NetworkHash - 0 = 0.606 (-0.059)"
200.62,194.86,109.78,0.563014206,0.52777442,0.563157321,0.977489567,0.978597418,0.97932814,0.011481056000000002,0.008610791999999999,0.013777268,0.004513157,0.005967821,0.075710629,0.61576499,0.606400435,0.614562234,0.0794,0.0993,0.872,0.127758622,0.128627761,0.126739468,543.0,632.0,821.0,90.02762430939227,72.94303797468355,96.44701583434835,782.1362799263353,485.1803797468354,1090.6065773447017,0.16008876611418052,0.09325648734177214,0.1095395858708891,3/12/20 12:00 AM,135.44,134.22898351926955,"Price - 0 = 109.780 (0.791); likes_avg - 0 = 96.447 (0.140); Price - 2 = 200.620 (0.134)","BlockTime - 1 = 0.009 (-0.115); NetworkHash - 1 = 0.606 (-0.048); count - 1 = 632 (-0.046)"
194.86,109.78,135.44,0.52777442,0.563157321,0.627793626,0.978597418,0.97932814,0.980481924,0.008610791999999999,0.013777268,0.024110218,0.005967821,0.075710629,0.083067508,0.606400435,0.614562234,0.593118339,0.0993,0.872,0.836,0.128627761,0.126739468,0.11871719900000001,632.0,821.0,908.0,72.94303797468355,96.44701583434835,85.99449339207048,485.1803797468354,1090.6065773447017,1718.613436123348,0.09325648734177214,0.1095395858708891,0.08625638766519825,3/13/20 12:00 AM,122.58,143.654501659932,"Price - 0 = 135.440 (0.942); likes_avg - 0 = 85.994 (0.143); Price - 2 = 194.860 (0.100)","NetworkHash - 0 = 0.593 (-0.071); NetworkHash - 1 = 0.615 (-0.050); sentiment_avg - 1 = 0.110 (-0.035)"
109.78,135.44,122.58,0.563157321,0.627793626,0.504612695,0.97932814,0.980481924,0.98285514,0.013777268,0.024110218,0.011481056000000002,0.075710629,0.083067508,0.010020675,0.614562234,0.593118339,0.583517789,0.872,0.836,0.0991,0.126739468,0.11871719900000001,0.12592509699999999,821.0,908.0,488.0,96.44701583434835,85.99449339207048,130.34426229508196,1090.6065773447017,1718.613436123348,1703.0389344262296,0.1095395858708891,0.08625638766519825,0.09436803278688524,3/14/20 12:00 AM,123.53,129.4190858189449,"Price - 0 = 122.580 (0.892); likes_avg - 0 = 130.344 (0.137); Price - 1 = 135.440 (0.110)","NetworkHash - 1 = 0.593 (-0.065); count - 1 = 908 (-0.061); AddressCount - 2 = 0.979 (-0.054)"
135.44,122.58,123.53,0.627793626,0.504612695,0.486684696,0.980481924,0.98285514,0.985223978,0.024110218,0.011481056000000002,0.009184845,0.083067508,0.010020675,0.007556072,0.593118339,0.583517789,0.587757897,0.836,0.0991,0.0884,0.11871719900000001,0.12592509699999999,0.12800388599999998,908.0,488.0,779.0,85.99449339207048,130.34426229508196,108.2785622593068,1718.613436123348,1703.0389344262296,936.3697047496789,0.08625638766519825,0.09436803278688524,0.07818125802310655,3/15/20 12:00 AM,111.32,131.24374971354513,"Price - 0 = 123.530 (0.889); likes_avg - 0 = 108.279 (0.141); Price - 2 = 135.440 (0.132)","count - 1 = 488 (-0.067); NetworkHash - 1 = 0.584 (-0.062); likes_avg - 2 = 85.994 (-0.045)"
122.58,123.53,111.32,0.504612695,0.486684696,0.580444637,0.98285514,0.985223978,0.9870989440000001,0.011481056000000002,0.009184845,0.012629162,0.010020675,0.007556072,0.024020922000000004,0.583517789,0.587757897,0.590921648,0.0991,0.0884,0.248,0.12592509699999999,0.12800388599999998,0.125717932,488.0,779.0,669.0,130.34426229508196,108.2785622593068,169.31390134529147,1703.0389344262296,936.3697047496789,1200.1748878923768,0.09436803278688524,0.07818125802310655,0.11074289985052316,3/16/20 12:00 AM,116.3,120.52519637418112,"Price - 0 = 111.320 (0.819); Price - 1 = 123.530 (0.142); Price - 2 = 122.580 (0.135)","NetworkHash - 1 = 0.588 (-0.069); NetworkHash - 0 = 0.591 (-0.052); sentiment_avg - 0 = 0.111 (-0.041)"
123.53,111.32,116.3,0.486684696,0.580444637,0.564876932,0.985223978,0.9870989440000001,0.9890641179999999,0.009184845,0.012629162,0.009758898,0.007556072,0.024020922000000004,0.012240093999999998,0.587757897,0.590921648,0.5744015929999999,0.0884,0.248,0.129,0.12800388599999998,0.125717932,0.12789197,779.0,669.0,881.0,108.2785622593068,169.31390134529147,74.81611804767309,936.3697047496789,1200.1748878923768,251.77525539160047,0.07818125802310655,0.11074289985052316,0.1340320090805903,3/17/20 12:00 AM,118.62,119.97043244957416,"Price - 0 = 116.300 (0.864); likes_avg - 0 = 74.816 (0.129); Price - 2 = 123.530 (0.121)","NetworkHash - 1 = 0.591 (-0.072); NetworkHash - 0 = 0.574 (-0.055); sentiment_avg - 0 = 0.134 (-0.050)"
111.32,116.3,118.62,0.580444637,0.564876932,0.568834484,0.9870989440000001,0.9890641179999999,0.990713347,0.012629162,0.009758898,0.007462687,0.024020922000000004,0.012240093999999998,0.008996409,0.590921648,0.5744015929999999,0.589113194,0.248,0.129,0.10400000000000001,0.125717932,0.12789197,0.12965167800000002,669.0,881.0,844.0,169.31390134529147,74.81611804767309,129.22393364928908,1200.1748878923768,251.77525539160047,787.8258293838862,0.11074289985052316,0.1340320090805903,0.09805284360189576,3/18/20 12:00 AM,136.7,124.75376747806689,"Price - 0 = 118.620 (0.885); likes_avg - 0 = 129.224 (0.132); BlockTime - 0 = 0.007 (0.092)","NetworkHash - 1 = 0.574 (-0.079); NetworkHash - 0 = 0.589 (-0.052); sentiment_avg - 0 = 0.098 (-0.040)"
116.3,118.62,136.7,0.564876932,0.568834484,0.639710032,0.9890641179999999,0.990713347,0.99183136,0.009758898,0.007462687,0.012055109,0.012240093999999998,0.008996409,0.011800836,0.5744015929999999,0.589113194,0.5909024860000001,0.129,0.10400000000000001,0.151,0.12789197,0.12965167800000002,0.128739677,881.0,844.0,715.0,74.81611804767309,129.22393364928908,165.55664335664338,251.77525539160047,787.8258293838862,1270.6125874125873,0.1340320090805903,0.09805284360189576,0.12941104895104893,3/19/20 12:00 AM,133.4,141.26057125141045,"Price - 0 = 136.700 (0.948); likes_avg - 0 = 165.557 (0.135); BlockTime - 0 = 0.012 (0.098)","NetworkHash - 0 = 0.591 (-0.074); NetworkHash - 1 = 0.589 (-0.052); sentiment_avg - 1 = 0.098 (-0.044)"
118.62,136.7,133.4,0.568834484,0.639710032,0.608670279,0.990713347,0.99183136,0.993621685,0.007462687,0.012055109,0.019517796,0.008996409,0.011800836,0.009696389,0.589113194,0.5909024860000001,0.5880647760000001,0.10400000000000001,0.151,0.12300000000000001,0.12965167800000002,0.128739677,0.125917953,844.0,715.0,751.0,129.22393364928908,165.55664335664338,79.74300932090546,787.8258293838862,1270.6125874125873,1250.1225033288947,0.09805284360189576,0.12941104895104893,0.14323728362183755,3/20/20 12:00 AM,132.72,136.60852037814578,"Price - 0 = 133.400 (0.929); likes_avg - 0 = 79.743 (0.135); BlockTime - 0 = 0.020 (0.104)","NetworkHash - 0 = 0.588 (-0.060); NetworkHash - 1 = 0.591 (-0.054); likes_avg - 2 = 129.224 (-0.038)"
136.7,133.4,132.72,0.639710032,0.608670279,0.634879698,0.99183136,0.993621685,0.9958246479999999,0.012055109,0.019517796,0.013777268,0.011800836,0.009696389,0.0054640059999999996,0.5909024860000001,0.5880647760000001,0.608523272,0.151,0.12300000000000001,0.0874,0.128739677,0.125917953,0.132680567,715.0,751.0,781.0,165.55664335664338,79.74300932090546,117.14468629961588,1270.6125874125873,1250.1225033288947,1083.9001280409732,0.12941104895104893,0.14323728362183755,0.10709871959026886,3/21/20 12:00 AM,122.44,133.9711110592088,"Price - 0 = 132.720 (0.919); Price - 2 = 136.700 (0.147); likes_avg - 0 = 117.145 (0.136)","NetworkHash - 1 = 0.588 (-0.052); NetworkHash - 0 = 0.609 (-0.049); BlockReward - 0 = 0.133 (-0.045)"
133.4,132.72,122.44,0.608670279,0.634879698,0.552341348,0.993621685,0.9958246479999999,0.997188037,0.019517796,0.013777268,0.036165327000000004,0.009696389,0.0054640059999999996,0.006029935,0.5880647760000001,0.608523272,0.578340275,0.12300000000000001,0.0874,0.0845,0.125917953,0.132680567,0.122077075,751.0,781.0,743.0,79.74300932090546,117.14468629961588,66.36204576043069,1250.1225033288947,1083.9001280409732,513.5639300134591,0.14323728362183755,0.10709871959026886,0.0465764468371467,3/22/20 12:00 AM,136.74,128.1825329298353,"Price - 0 = 122.440 (0.880); Price - 2 = 133.400 (0.155); likes_avg - 0 = 66.362 (0.139)","count - 1 = 781 (-0.059); NetworkHash - 1 = 0.609 (-0.055); AddressCount - 2 = 0.994 (-0.040)"
132.72,122.44,136.74,0.634879698,0.552341348,0.5931574470000001,0.9958246479999999,0.997188037,0.9988196579999999,0.013777268,0.036165327000000004,0.011481056000000002,0.0054640059999999996,0.006029935,0.007663789,0.608523272,0.578340275,0.591896764,0.0874,0.0845,0.0999,0.132680567,0.122077075,0.134314071,781.0,743.0,735.0,117.14468629961588,66.36204576043069,107.6095238095238,1083.9001280409732,513.5639300134591,342.5795918367347,0.10709871959026886,0.0465764468371467,0.07772598639455781,3/23/20 12:00 AM,136.77,135.80466996403078,"Price - 0 = 136.740 (0.941); likes_avg - 0 = 107.610 (0.145); Price - 2 = 132.720 (0.116)","NetworkHash - 0 = 0.592 (-0.067); NetworkHash - 1 = 0.578 (-0.042); likes_avg - 2 = 117.145 (-0.042)"
