"Price - 0","TxGrowth - 0","AddressCount - 0","BlockTime - 0","AvgGasPrice - 0","NetworkHash - 0","TransactionFee - 0","BlockReward - 0","count - 0","likes_avg - 0","retweets_avg - 0","sentiment_avg - 0","Date","Price_real (+1 day)","Price_predicted (+1 day)","Support Prediction","Contradict Prediction"
130.6,0.34495807,0.917701827,0.24512055100000002,0.004658914,0.497976488,0.0503,0.0,422.0,127.35308056872036,272.8696682464455,0.19383909952606632,1/1/20 12:00 AM,127.18,133.10327742244047,"Price - 0 = 130.600 (0.956); likes_avg - 0 = 127.353 (0.229); BlockReward - 0 = 0 (0.064)","count - 0 = 422 (-0.057); retweets_avg - 0 = 272.870 (-0.055); AvgGasPrice - 0 = 0.005 (-0.048)"
127.18,0.37396157799999996,0.918351336,0.118828932,0.0034814240000000003,0.518718118,0.0486,0.059094285999999996,335.0,41.34328358208956,1009.3641791044777,0.210104776119403,1/2/20 12:00 AM,134.25,126.99688581152562,"Price - 0 = 127.180 (0.956); likes_avg - 0 = 41.343 (0.229); BlockReward - 0 = 0.059 (0.064)","count - 0 = 335 (-0.057); retweets_avg - 0 = 1009.364 (-0.055); AvgGasPrice - 0 = 0.003 (-0.048)"
134.25,0.430319429,0.919195058,0.008610791999999999,0.004477478,0.533577595,0.0574,0.127596701,417.0,68.72422062350121,1419.8129496402878,0.23806690647482015,1/3/20 12:00 AM,134.33,134.73911907961414,"Price - 0 = 134.250 (0.956); likes_avg - 0 = 68.724 (0.229); BlockReward - 0 = 0.128 (0.064)","count - 0 = 417 (-0.057); retweets_avg - 0 = 1419.813 (-0.055); AvgGasPrice - 0 = 0.004 (-0.048)"
134.33,0.413585296,0.9199824990000001,0.00401837,0.002514742,0.561262959,0.0461,0.13029460199999998,372.0,32.70967741935484,252.94623655913975,0.17641075268817202,1/4/20 12:00 AM,135.44,132.4522046131968,"Price - 0 = 134.330 (0.956); likes_avg - 0 = 32.710 (0.229); BlockReward - 0 = 0.130 (0.064)","count - 0 = 372 (-0.057); retweets_avg - 0 = 252.946 (-0.055); AvgGasPrice - 0 = 0.003 (-0.048)"
135.44,0.38806920899999997,0.920695701,0.014925373,0.002620973,0.543370475,0.0447,0.122731905,266.0,62.14661654135338,271.2894736842105,0.09283233082706767,1/5/20 12:00 AM,144.28,134.95727370657292,"Price - 0 = 135.440 (0.956); likes_avg - 0 = 62.147 (0.229); BlockReward - 0 = 0.123 (0.064)","count - 0 = 266 (-0.057); retweets_avg - 0 = 271.289 (-0.055); AvgGasPrice - 0 = 0.003 (-0.048)"
144.28,0.46360231399999996,0.921454619,0.0,0.00394426,0.552345636,0.0614,0.13302346,327.0,51.357798165137616,136.99694189602442,0.1746113149847095,1/6/20 12:00 AM,143.18,143.68608406518248,"Price - 0 = 144.280 (0.956); likes_avg - 0 = 51.358 (0.229); BlockReward - 0 = 0.133 (0.064)","count - 0 = 327 (-0.057); retweets_avg - 0 = 136.997 (-0.055); AvgGasPrice - 0 = 0.004 (-0.048)"
143.18,0.478398085,0.9222405309999999,0.007462687,0.003385592,0.564811518,0.0591,0.126184648,430.0,60.3860465116279,69.51627906976744,0.19597232558139532,1/7/20 12:00 AM,140.66,142.02728140313943,"Price - 0 = 143.180 (0.956); likes_avg - 0 = 60.386 (0.229); BlockReward - 0 = 0.126 (0.064)","count - 0 = 430 (-0.057); retweets_avg - 0 = 69.516 (-0.055); AvgGasPrice - 0 = 0.003 (-0.048)"
140.66,0.483850564,0.92297276,0.008036739000000001,0.004378051,0.5535164220000001,0.0714,0.125863186,369.0,86.56097560975608,233.96747967479675,0.1698257452574526,1/8/20 12:00 AM,137.9,140.9558914506682,"Price - 0 = 140.660 (0.956); likes_avg - 0 = 86.561 (0.229); BlockReward - 0 = 0.126 (0.064)","count - 0 = 369 (-0.057); retweets_avg - 0 = 233.967 (-0.055); AvgGasPrice - 0 = 0.004 (-0.048)"
137.9,0.459801225,0.923800469,0.008036739000000001,0.003819434,0.5398213620000001,0.0581,0.126077494,322.0,48.490683229813655,71.93167701863355,0.2025229813664597,1/9/20 12:00 AM,144.88,137.78021137904574,"Price - 0 = 137.900 (0.956); likes_avg - 0 = 48.491 (0.229); BlockReward - 0 = 0.126 (0.064)","count - 0 = 322 (-0.057); retweets_avg - 0 = 71.932 (-0.055); AvgGasPrice - 0 = 0.004 (-0.048)"
144.88,0.447711301,0.924947027,0.006314581,0.005360968000000001,0.559299044,0.0693,0.128492032,281.0,41.13523131672598,207.1850533807829,0.23016298932384344,1/10/20 12:00 AM,142.69,144.4858816366267,"Price - 0 = 144.880 (0.956); likes_avg - 0 = 41.135 (0.229); BlockReward - 0 = 0.128 (0.064)","count - 0 = 281 (-0.057); retweets_avg - 0 = 207.185 (-0.055); AvgGasPrice - 0 = 0.005 (-0.048)"
142.69,0.406568928,0.926088356,0.009184845,0.004130791,0.5632194220000001,0.0525,0.12722523300000002,262.0,47.41984732824427,313.60305343511453,0.1824729007633587,1/11/20 12:00 AM,146.55,141.93805578619356,"Price - 0 = 142.690 (0.956); likes_avg - 0 = 47.420 (0.229); BlockReward - 0 = 0.127 (0.064)","count - 0 = 262 (-0.057); retweets_avg - 0 = 313.603 (-0.055); AvgGasPrice - 0 = 0.004 (-0.048)"
146.55,0.38754049700000004,0.9268338359999999,0.012629162,0.003869451,0.5580284010000001,0.0483,0.127532408,215.0,98.95813953488373,841.8790697674417,0.17948883720930234,1/12/20 12:00 AM,143.7,147.8467682274845,"Price - 0 = 146.550 (0.956); likes_avg - 0 = 98.958 (0.229); BlockReward - 0 = 0.128 (0.064)","count - 0 = 215 (-0.057); retweets_avg - 0 = 841.879 (-0.055); AvgGasPrice - 0 = 0.004 (-0.048)"
143.7,0.418268065,0.9276990409999999,0.007462687,0.004020485,0.558067538,0.0577,0.126622789,312.0,48.05448717948718,16.753205128205128,0.15939807692307695,1/13/20 12:00 AM,165.86,142.77758286000744,"Price - 0 = 143.700 (0.956); likes_avg - 0 = 48.054 (0.229); BlockReward - 0 = 0.127 (0.064)","count - 0 = 312 (-0.057); retweets_avg - 0 = 16.753 (-0.055); AvgGasPrice - 0 = 0.004 (-0.048)"
165.86,0.497136577,0.928561735,0.009184845,0.009047814,0.557325639,0.0853,0.12731810000000002,305.0,65.26229508196721,137.14754098360658,0.2118504918032787,1/14/20 12:00 AM,166.22,166.20554432825892,"Price - 0 = 165.860 (0.956); likes_avg - 0 = 65.262 (0.229); BlockReward - 0 = 0.127 (0.064)","count - 0 = 305 (-0.057); retweets_avg - 0 = 137.148 (-0.055); AvgGasPrice - 0 = 0.009 (-0.048)"
166.22,0.5168991239999999,0.929634906,0.010907003,0.004134924,0.566483256,0.0685,0.124324929,396.0,68.32323232323232,47.32070707070707,0.24291186868686876,1/15/20 12:00 AM,164.09,165.99454326826074,"Price - 0 = 166.220 (0.956); likes_avg - 0 = 68.323 (0.229); BlockReward - 0 = 0.124 (0.064)","count - 0 = 396 (-0.057); retweets_avg - 0 = 47.321 (-0.055); AvgGasPrice - 0 = 0.004 (-0.048)"
164.09,0.513376851,0.930593473,0.006314581,0.002764095,0.558303202,0.0576,0.12610606800000002,447.0,66.18120805369128,35.899328859060404,0.24617181208053684,1/16/20 12:00 AM,169.74,163.73070854664084,"Price - 0 = 164.090 (0.956); likes_avg - 0 = 66.181 (0.229); BlockReward - 0 = 0.126 (0.064)","count - 0 = 447 (-0.057); retweets_avg - 0 = 35.899 (-0.055); AvgGasPrice - 0 = 0.003 (-0.048)"
169.74,0.500701859,0.93141508,0.006314581,0.003588504,0.564579823,0.0622,0.131742373,449.0,57.44988864142539,26.94432071269488,0.21390935412026726,1/17/20 12:00 AM,174.0,168.77070394206422,"Price - 0 = 169.740 (0.956); likes_avg - 0 = 57.450 (0.229); BlockReward - 0 = 0.132 (0.064)","count - 0 = 449 (-0.057); retweets_avg - 0 = 26.944 (-0.055); AvgGasPrice - 0 = 0.004 (-0.048)"
174.0,0.464852535,0.932312235,0.010332951,0.0037554140000000003,0.555429284,0.058,0.125405995,324.0,58.586419753086425,561.4783950617284,0.1740175925925926,1/18/20 12:00 AM,166.94,173.62443341817186,"Price - 0 = 174 (0.956); likes_avg - 0 = 58.586 (0.229); BlockReward - 0 = 0.125 (0.064)","count - 0 = 324 (-0.057); retweets_avg - 0 = 561.478 (-0.055); AvgGasPrice - 0 = 0.004 (-0.048)"
166.94,0.45532905100000004,0.933017196,0.003444317,0.003271713,0.560089649,0.0545,0.131208984,226.0,84.212389380531,359.429203539823,0.1946902654867257,1/19/20 12:00 AM,166.77,167.90547148599893,"Price - 0 = 166.940 (0.956); likes_avg - 0 = 84.212 (0.229); BlockReward - 0 = 0.131 (0.064)","count - 0 = 226 (-0.057); retweets_avg - 0 = 359.429 (-0.055); AvgGasPrice - 0 = 0.003 (-0.048)"
166.77,0.443388916,0.933672348,0.009758898,0.00247543,0.560541928,0.0497,0.124967854,325.0,88.32307692307694,31.70769230769231,0.13072738461538466,1/20/20 12:00 AM,169.36,166.787895488734,"Price - 0 = 166.770 (0.956); likes_avg - 0 = 88.323 (0.229); BlockReward - 0 = 0.125 (0.064)","count - 0 = 325 (-0.057); retweets_avg - 0 = 31.708 (-0.055); AvgGasPrice - 0 = 0.002 (-0.048)"
169.36,0.41350224399999996,0.934710174,0.006314581,0.002366181,0.565753697,0.0459,0.12983741199999999,383.0,55.18798955613577,20.0757180156658,0.16500887728459535,1/21/20 12:00 AM,167.79,168.1644771431477,"Price - 0 = 169.360 (0.956); likes_avg - 0 = 55.188 (0.229); BlockReward - 0 = 0.130 (0.064)","count - 0 = 383 (-0.057); retweets_avg - 0 = 20.076 (-0.055); AvgGasPrice - 0 = 0.002 (-0.048)"
167.79,0.379988744,0.935730513,0.013203215,0.0028110709999999996,0.556313872,0.0422,0.122234234,376.0,106.04787234042551,156.1622340425532,0.20005744680851065,1/22/20 12:00 AM,162.63,168.7978867364591,"Price - 0 = 167.790 (0.956); likes_avg - 0 = 106.048 (0.229); BlockReward - 0 = 0.122 (0.064)","count - 0 = 376 (-0.057); retweets_avg - 0 = 156.162 (-0.055); AvgGasPrice - 0 = 0.003 (-0.048)"
162.63,0.40873494,0.936307236,0.003444317,0.00175824,0.562855977,0.0427,0.131890008,429.0,54.2004662004662,101.21445221445221,0.16380279720279714,1/23/20 12:00 AM,162.45,161.23142610685042,"Price - 0 = 162.630 (0.956); likes_avg - 0 = 54.200 (0.229); BlockReward - 0 = 0.132 (0.064)","count - 0 = 429 (-0.057); retweets_avg - 0 = 101.214 (-0.055); AvgGasPrice - 0 = 0.002 (-0.048)"
162.45,0.36765559700000006,0.936811631,0.008036739000000001,0.001052023,0.568402444,0.042,0.12468211,359.0,61.264623955431745,53.1782729805014,0.2465370473537604,1/24/20 12:00 AM,160.36,162.1193907135345,"Price - 0 = 162.450 (0.956); likes_avg - 0 = 61.265 (0.229); BlockReward - 0 = 0.125 (0.064)","count - 0 = 359 (-0.057); retweets_avg - 0 = 53.178 (-0.055); AvgGasPrice - 0 = 0.001 (-0.048)"
160.36,0.321962447,0.9374856140000001,0.01435132,2.08257E-4,0.5604508189999999,0.0315,0.12535122699999998,253.0,152.92885375494072,122.0909090909091,0.17142094861660076,1/25/20 12:00 AM,167.72,163.1707160769068,"Price - 0 = 160.360 (0.956); likes_avg - 0 = 152.929 (0.229); BlockReward - 0 = 0.125 (0.064)","count - 0 = 253 (-0.057); retweets_avg - 0 = 122.091 (-0.055); AvgGasPrice - 0 = 0.000 (-0.048)"
167.72,0.317011985,0.938039152,0.013777268,0.0,0.553658051,0.0321,0.124324929,297.0,180.74747474747474,4992.86531986532,0.1880949494949495,1/26/20 12:00 AM,169.95,171.42705094731582,"Price - 0 = 167.720 (0.956); likes_avg - 0 = 180.747 (0.229); BlockReward - 0 = 0.124 (0.064)","count - 0 = 297 (-0.057); retweets_avg - 0 = 4992.865 (-0.055); AvgGasPrice - 0 = 0 (-0.048)"
169.95,0.352384505,0.938806169,0.008610791999999999,0.0013795539999999998,0.55917344,0.0391,0.128527751,413.0,96.20823244552058,103.13559322033899,0.12941113801452786,1/27/20 12:00 AM,176.0,169.91676812562486,"Price - 0 = 169.950 (0.956); likes_avg - 0 = 96.208 (0.229); BlockReward - 0 = 0.129 (0.064)","count - 0 = 413 (-0.057); retweets_avg - 0 = 103.136 (-0.055); AvgGasPrice - 0 = 0.001 (-0.048)"
176.0,0.389270489,0.9394321109999999,0.008610791999999999,0.001211074,0.548123822,0.0435,0.12423206199999999,480.0,46.1875,82.67083333333333,0.19907895833333333,1/28/20 12:00 AM,173.55,174.91712596591938,"Price - 0 = 176 (0.956); likes_avg - 0 = 46.188 (0.229); BlockReward - 0 = 0.124 (0.064)","count - 0 = 480 (-0.057); retweets_avg - 0 = 82.671 (-0.055); AvgGasPrice - 0 = 0.001 (-0.048)"
173.55,0.407990443,0.9399970009999999,0.007462687,0.00132599,0.56150487,0.0451,0.128906362,439.0,46.18451025056947,244.85649202733487,0.18922847380410016,1/29/20 12:00 AM,184.47,172.17366812513518,"Price - 0 = 173.550 (0.956); likes_avg - 0 = 46.185 (0.229); BlockReward - 0 = 0.129 (0.064)","count - 0 = 439 (-0.057); retweets_avg - 0 = 244.856 (-0.055); AvgGasPrice - 0 = 0.001 (-0.048)"
184.47,0.41875969999999996,0.940613774,0.017795637,0.001876279,0.547374257,0.0518,0.121996114,473.0,59.600422832980975,98.71035940803381,0.17917547568710354,1/30/20 12:00 AM,179.76,183.81653356470088,"Price - 0 = 184.470 (0.956); likes_avg - 0 = 59.600 (0.229); BlockReward - 0 = 0.122 (0.064)","count - 0 = 473 (-0.057); retweets_avg - 0 = 98.710 (-0.055); AvgGasPrice - 0 = 0.002 (-0.048)"
179.76,0.431592638,0.9411955940000001,0.011481056000000002,0.001764682,0.553926652,0.0512,0.127491928,421.0,44.161520190023744,127.19714964370544,0.1887520190023753,1/31/20 12:00 AM,183.66,178.7249220888593,"Price - 0 = 179.760 (0.956); likes_avg - 0 = 44.162 (0.229); BlockReward - 0 = 0.127 (0.064)","count - 0 = 421 (-0.057); retweets_avg - 0 = 127.197 (-0.055); AvgGasPrice - 0 = 0.002 (-0.048)"
183.66,0.40371329100000003,0.9418346790000001,0.013203215,0.002031361,0.544899528,0.0459,0.12271523699999999,248.0,50.875,167.15725806451613,0.24470604838709675,2/1/20 12:00 AM,188.39,184.39402608111416,"Price - 0 = 183.660 (0.956); likes_avg - 0 = 50.875 (0.229); BlockReward - 0 = 0.123 (0.064)","count - 0 = 248 (-0.057); retweets_avg - 0 = 167.157 (-0.055); AvgGasPrice - 0 = 0.002 (-0.048)"
188.39,0.39209572299999995,0.9424738290000001,0.009184845,0.001859043,0.562097849,0.0465,0.127220471,288.0,125.94097222222223,106.48958333333331,0.14895312499999994,2/2/20 12:00 AM,189.77,190.12284819066556,"Price - 0 = 188.390 (0.956); likes_avg - 0 = 125.941 (0.229); BlockReward - 0 = 0.127 (0.064)","count - 0 = 288 (-0.057); retweets_avg - 0 = 106.490 (-0.055); AvgGasPrice - 0 = 0.002 (-0.048)"
189.77,0.459646987,0.94309249,0.006888634,0.0026979359999999997,0.560670669,0.054,0.127994361,375.0,60.42933333333333,51.00266666666667,0.19725466666666666,2/3/20 12:00 AM,188.44,189.35934607293714,"Price - 0 = 189.770 (0.956); likes_avg - 0 = 60.429 (0.229); BlockReward - 0 = 0.128 (0.064)","count - 0 = 375 (-0.057); retweets_avg - 0 = 51.003 (-0.055); AvgGasPrice - 0 = 0.003 (-0.048)"
188.44,0.387929801,0.9436215109999999,0.005740528000000001,0.004699545,0.571773857,0.0598,0.132699616,420.0,38.03333333333333,44.86666666666667,0.19694738095238096,2/4/20 12:00 AM,203.85,186.89017238786477,"Price - 0 = 188.440 (0.956); likes_avg - 0 = 38.033 (0.229); BlockReward - 0 = 0.133 (0.064)","count - 0 = 420 (-0.057); retweets_avg - 0 = 44.867 (-0.055); AvgGasPrice - 0 = 0.005 (-0.048)"
203.85,0.451926906,0.9442324990000001,0.016647532,0.005456333000000001,0.562021538,0.0739,0.12439874699999999,527.0,75.46489563567363,86.4819734345351,0.2128286527514231,2/5/20 12:00 AM,212.88,203.50838211773348,"Price - 0 = 203.850 (0.956); likes_avg - 0 = 75.465 (0.229); BlockReward - 0 = 0.124 (0.064)","count - 0 = 527 (-0.057); retweets_avg - 0 = 86.482 (-0.055); AvgGasPrice - 0 = 0.005 (-0.048)"
212.88,0.44875686,0.944871747,0.006888634,0.006068658,0.565014773,0.0819,0.128846832,488.0,124.3155737704918,58.19262295081968,0.2663663934426229,2/6/20 12:00 AM,223.14,214.8108469489882,"Price - 0 = 212.880 (0.956); likes_avg - 0 = 124.316 (0.229); BlockReward - 0 = 0.129 (0.064)","count - 0 = 488 (-0.057); retweets_avg - 0 = 58.193 (-0.055); AvgGasPrice - 0 = 0.006 (-0.048)"
223.14,0.463399876,0.945614815,0.010332951,0.00619029,0.564138733,0.0823,0.128956367,491.0,60.219959266802434,145.20162932790225,0.2213136456211812,2/7/20 12:00 AM,223.2,222.67557427475532,"Price - 0 = 223.140 (0.956); likes_avg - 0 = 60.220 (0.229); BlockReward - 0 = 0.129 (0.064)","count - 0 = 491 (-0.057); retweets_avg - 0 = 145.202 (-0.055); AvgGasPrice - 0 = 0.006 (-0.048)"
223.2,0.489647854,0.946910395,0.012629162,0.0046759309999999995,0.573622187,0.0666,0.125144063,360.0,82.2638888888889,150.18888888888893,0.1721697222222222,2/8/20 12:00 AM,228.6,223.16052271940836,"Price - 0 = 223.200 (0.956); likes_avg - 0 = 82.264 (0.229); BlockReward - 0 = 0.125 (0.064)","count - 0 = 360 (-0.057); retweets_avg - 0 = 150.189 (-0.055); AvgGasPrice - 0 = 0.005 (-0.048)"
228.6,0.465163978,0.9477628929999999,0.013203215,0.00419202,0.56469557,0.062,0.124284449,403.0,91.68238213399506,70.30769230769229,0.16093449131513649,2/9/20 12:00 AM,223.11,228.86662731640024,"Price - 0 = 228.600 (0.956); likes_avg - 0 = 91.682 (0.229); BlockReward - 0 = 0.124 (0.064)","count - 0 = 403 (-0.057); retweets_avg - 0 = 70.308 (-0.055); AvgGasPrice - 0 = 0.004 (-0.048)"
223.11,0.494920882,0.94880371,0.005166475,0.004325535,0.57142915,0.066,0.130542247,323.0,52.1671826625387,264.69659442724463,0.1900625386996904,2/10/20 12:00 AM,237.8,222.53139461533763,"Price - 0 = 223.110 (0.956); likes_avg - 0 = 52.167 (0.229); BlockReward - 0 = 0.131 (0.064)","count - 0 = 323 (-0.057); retweets_avg - 0 = 264.697 (-0.055); AvgGasPrice - 0 = 0.004 (-0.048)"
237.8,0.524967725,0.949673063,0.008610791999999999,0.004154283,0.577794603,0.0717,0.12816818900000002,387.0,101.64857881136949,98.25322997416019,0.22162041343669248,2/11/20 12:00 AM,266.13,238.636138624266,"Price - 0 = 237.800 (0.956); likes_avg - 0 = 101.649 (0.229); BlockReward - 0 = 0.128 (0.064)","count - 0 = 387 (-0.057); retweets_avg - 0 = 98.253 (-0.055); AvgGasPrice - 0 = 0.004 (-0.048)"
266.13,0.590876497,0.950800737,0.015499426,0.005780845,0.581116516,0.1,0.126272752,358.0,128.39664804469274,222.6396648044693,0.19470642458100565,2/12/20 12:00 AM,268.56,268.01611046221507,"Price - 0 = 266.130 (0.956); likes_avg - 0 = 128.397 (0.229); BlockReward - 0 = 0.126 (0.064)","count - 0 = 358 (-0.057); retweets_avg - 0 = 222.640 (-0.055); AvgGasPrice - 0 = 0.006 (-0.048)"
268.56,0.566110098,0.952005104,0.012629162,0.006391269000000001,0.590144378,0.0916,0.126675175,454.0,80.90748898678414,108.15859030837005,0.19171167400881053,2/13/20 12:00 AM,285.79,268.0232911667485,"Price - 0 = 268.560 (0.956); likes_avg - 0 = 80.907 (0.229); BlockReward - 0 = 0.127 (0.064)","count - 0 = 454 (-0.057); retweets_avg - 0 = 108.159 (-0.055); AvgGasPrice - 0 = 0.006 (-0.048)"
285.79,0.571348274,0.9527744029999999,0.010332951,0.005681793,0.5953230070000001,0.0884,0.129892179,431.0,71.86310904872391,51.17865429234339,0.2295361948955917,2/14/20 12:00 AM,264.85,285.27088178449986,"Price - 0 = 285.790 (0.956); likes_avg - 0 = 71.863 (0.229); BlockReward - 0 = 0.130 (0.064)","count - 0 = 431 (-0.057); retweets_avg - 0 = 51.179 (-0.055); AvgGasPrice - 0 = 0.006 (-0.048)"
264.85,0.517456756,0.9537938359999999,0.01435132,0.0062160209999999995,0.594508435,0.0841,0.125934622,472.0,77.83050847457628,395.5021186440678,0.15695360169491526,2/15/20 12:00 AM,259.43,263.6613960193798,"Price - 0 = 264.850 (0.956); likes_avg - 0 = 77.831 (0.229); BlockReward - 0 = 0.126 (0.064)","count - 0 = 472 (-0.057); retweets_avg - 0 = 395.502 (-0.055); AvgGasPrice - 0 = 0.006 (-0.048)"
259.43,0.489529951,0.954463878,0.005740528000000001,0.005613519,0.599646025,0.1,0.130361276,367.0,61.90190735694822,99.2425068119891,0.1907773841961853,2/16/20 12:00 AM,268.07,258.64810225404386,"Price - 0 = 259.430 (0.956); likes_avg - 0 = 61.902 (0.229); BlockReward - 0 = 0.130 (0.064)","count - 0 = 367 (-0.057); retweets_avg - 0 = 99.243 (-0.055); AvgGasPrice - 0 = 0.006 (-0.048)"
268.07,0.51465006,0.9552702129999999,0.015499426,0.004988304,0.598219296,0.0811,0.124844031,442.0,75.36651583710406,199.0837104072398,0.1457339366515837,2/17/20 12:00 AM,282.92,266.7550747570259,"Price - 0 = 268.070 (0.956); likes_avg - 0 = 75.367 (0.229); BlockReward - 0 = 0.125 (0.064)","count - 0 = 442 (-0.057); retweets_avg - 0 = 199.084 (-0.055); AvgGasPrice - 0 = 0.005 (-0.048)"
282.92,0.543285769,0.9562501640000001,0.010332951,0.004148322,0.602015005,0.0757,0.12628942099999999,495.0,60.97979797979797,30.31111111111111,0.13241555555555554,2/18/20 12:00 AM,258.72,280.614767975344,"Price - 0 = 282.920 (0.956); likes_avg - 0 = 60.980 (0.229); BlockReward - 0 = 0.126 (0.064)","count - 0 = 495 (-0.057); retweets_avg - 0 = 30.311 (-0.055); AvgGasPrice - 0 = 0.004 (-0.048)"
258.72,0.514999321,0.9571992779999999,0.00401837,0.005108374000000001,0.629730617,0.0826,0.133173475,571.0,55.03152364273205,73.61295971978984,0.1619583187390542,2/19/20 12:00 AM,257.7,255.23416253666247,"Price - 0 = 258.720 (0.956); likes_avg - 0 = 55.032 (0.229); BlockReward - 0 = 0.133 (0.064)","count - 0 = 571 (-0.057); retweets_avg - 0 = 73.613 (-0.055); AvgGasPrice - 0 = 0.005 (-0.048)"
257.7,0.510374392,0.958011093,0.014925373,0.005028567,0.6072494970000001,0.087,0.12476783300000001,442.0,46.613122171945705,222.5656108597285,0.2192013574660633,2/20/20 12:00 AM,265.6,255.7962303564118,"Price - 0 = 257.700 (0.956); likes_avg - 0 = 46.613 (0.229); BlockReward - 0 = 0.125 (0.064)","count - 0 = 442 (-0.057); retweets_avg - 0 = 222.566 (-0.055); AvgGasPrice - 0 = 0.005 (-0.048)"
265.6,0.496242291,0.958963635,0.012629162,0.0023325060000000002,0.597718459,0.0576,0.124193963,398.0,67.51507537688443,241.6658291457286,0.14119045226130655,2/21/20 12:00 AM,262.31,264.0017597539431,"Price - 0 = 265.600 (0.956); likes_avg - 0 = 67.515 (0.229); BlockReward - 0 = 0.124 (0.064)","count - 0 = 398 (-0.057); retweets_avg - 0 = 241.666 (-0.055); AvgGasPrice - 0 = 0.002 (-0.048)"
262.31,0.448277831,0.9599027929999999,0.012629162,0.00326258,0.613654562,0.0513,0.128313442,451.0,45.654101995565405,110.54323725055431,0.1505760532150776,2/22/20 12:00 AM,275.64,259.2849332323062,"Price - 0 = 262.310 (0.956); likes_avg - 0 = 45.654 (0.229); BlockReward - 0 = 0.128 (0.064)","count - 0 = 451 (-0.057); retweets_avg - 0 = 110.543 (-0.055); AvgGasPrice - 0 = 0.003 (-0.048)"
275.64,0.448597431,0.960675858,0.009184845,0.006047519,0.6087530520000001,0.0608,0.127151416,251.0,79.95617529880478,32.557768924302785,0.13166772908366536,2/23/20 12:00 AM,265.74,274.85010973689714,"Price - 0 = 275.640 (0.956); likes_avg - 0 = 79.956 (0.229); BlockReward - 0 = 0.127 (0.064)","count - 0 = 251 (-0.057); retweets_avg - 0 = 32.558 (-0.055); AvgGasPrice - 0 = 0.006 (-0.048)"
265.74,0.508966966,0.961479541,0.012629162,0.005134392,0.6162951,0.0689,0.12300336199999999,528.0,80.21401515151516,28.49621212121212,0.13802329545454545,2/24/20 12:00 AM,246.84,263.3385181766036,"Price - 0 = 265.740 (0.956); likes_avg - 0 = 80.214 (0.229); BlockReward - 0 = 0.123 (0.064)","count - 0 = 528 (-0.057); retweets_avg - 0 = 28.496 (-0.055); AvgGasPrice - 0 = 0.005 (-0.048)"
246.84,0.49603095399999997,0.962310896,0.020091848,0.004688389,0.6001511629999999,0.0803,0.122779529,538.0,82.9721189591078,43.89591078066915,0.12972825278810404,2/25/20 12:00 AM,223.73,245.08327827103074,"Price - 0 = 246.840 (0.956); likes_avg - 0 = 82.972 (0.229); BlockReward - 0 = 0.123 (0.064)","count - 0 = 538 (-0.057); retweets_avg - 0 = 43.896 (-0.055); AvgGasPrice - 0 = 0.005 (-0.048)"
223.73,0.521741323,0.9634124479999999,0.006888634,0.007475633000000001,0.608102075,0.14400000000000002,0.12916115,496.0,57.699596774193544,33.66129032258065,0.16051633064516127,2/26/20 12:00 AM,227.57,222.06723723866426,"Price - 0 = 223.730 (0.956); likes_avg - 0 = 57.700 (0.229); BlockReward - 0 = 0.129 (0.064)","count - 0 = 496 (-0.057); retweets_avg - 0 = 33.661 (-0.055); AvgGasPrice - 0 = 0.007 (-0.048)"
227.57,0.52882517,0.964468012,0.011481056000000002,0.004874366,0.628708625,0.0924,0.12652516,474.0,84.65822784810126,199.08227848101262,0.1624185654008439,2/27/20 12:00 AM,227.56,225.56383095679297,"Price - 0 = 227.570 (0.956); likes_avg - 0 = 84.658 (0.229); BlockReward - 0 = 0.127 (0.064)","count - 0 = 474 (-0.057); retweets_avg - 0 = 199.082 (-0.055); AvgGasPrice - 0 = 0.005 (-0.048)"
227.56,0.509702564,0.966033615,0.012055109,0.0047967190000000005,0.61474129,0.0785,0.126870434,460.0,45.92608695652174,280.05217391304353,0.14781347826086955,2/28/20 12:00 AM,217.68,224.56539375545256,"Price - 0 = 227.560 (0.956); likes_avg - 0 = 45.926 (0.229); BlockReward - 0 = 0.127 (0.064)","count - 0 = 460 (-0.057); retweets_avg - 0 = 280.052 (-0.055); AvgGasPrice - 0 = 0.005 (-0.048)"
217.68,0.459108635,0.966932931,0.010332951,0.002873487,0.6152321860000001,0.0548,0.125656021,351.0,40.74074074074074,447.991452991453,0.2340552706552707,2/29/20 12:00 AM,218.02,215.47674785915137,"Price - 0 = 217.680 (0.956); likes_avg - 0 = 40.741 (0.229); BlockReward - 0 = 0.126 (0.064)","count - 0 = 351 (-0.057); retweets_avg - 0 = 447.991 (-0.055); AvgGasPrice - 0 = 0.003 (-0.048)"
218.02,0.465066838,0.9681366990000001,0.012055109,0.003267383,0.608133654,0.058,0.12402966,302.0,52.57947019867549,447.51324503311264,0.06543013245033114,3/1/20 12:00 AM,232.09,215.36726969247943,"Price - 0 = 218.020 (0.956); likes_avg - 0 = 52.579 (0.229); BlockReward - 0 = 0.124 (0.064)","count - 0 = 302 (-0.057); retweets_avg - 0 = 447.513 (-0.055); AvgGasPrice - 0 = 0.003 (-0.048)"
232.09,0.504350934,0.969133012,0.009184845,0.0029393609999999997,0.603670728,0.0596,0.127632419,441.0,51.53514739229025,96.25623582766441,0.1235387755102041,3/2/20 12:00 AM,223.77,229.38790163716808,"Price - 0 = 232.090 (0.956); likes_avg - 0 = 51.535 (0.229); BlockReward - 0 = 0.128 (0.064)","count - 0 = 441 (-0.057); retweets_avg - 0 = 96.256 (-0.055); AvgGasPrice - 0 = 0.003 (-0.048)"
223.77,0.489477302,0.970487384,0.011481056000000002,0.003636533,0.609757629,0.0629,0.128851594,520.0,91.89807692307691,60.00192307692308,0.15307961538461548,3/3/20 12:00 AM,224.68,222.06132422720722,"Price - 0 = 223.770 (0.956); likes_avg - 0 = 91.898 (0.229); BlockReward - 0 = 0.129 (0.064)","count - 0 = 520 (-0.057); retweets_avg - 0 = 60.002 (-0.055); AvgGasPrice - 0 = 0.004 (-0.048)"
224.68,0.49136598200000003,0.971500006,0.006888634,0.003854292,0.617493965,0.0635,0.130239835,555.0,95.62162162162164,91.82882882882885,0.17813549549549546,3/4/20 12:00 AM,228.7,222.87069348275634,"Price - 0 = 224.680 (0.956); likes_avg - 0 = 95.622 (0.229); BlockReward - 0 = 0.130 (0.064)","count - 0 = 555 (-0.057); retweets_avg - 0 = 91.829 (-0.055); AvgGasPrice - 0 = 0.004 (-0.048)"
228.7,0.533001473,0.972420007,0.024110218,0.00450332,0.611891318,0.0732,0.118919601,466.0,107.568669527897,478.9420600858369,0.20412575107296133,3/5/20 12:00 AM,245.76,228.10413051422177,"Price - 0 = 228.700 (0.956); likes_avg - 0 = 107.569 (0.229); BlockReward - 0 = 0.119 (0.064)","count - 0 = 466 (-0.057); retweets_avg - 0 = 478.942 (-0.055); AvgGasPrice - 0 = 0.005 (-0.048)"
245.76,0.500882051,0.973593167,0.005740528000000001,0.004162803,0.602595825,0.0676,0.131185172,452.0,84.36725663716814,142.19026548672562,0.15696858407079647,3/6/20 12:00 AM,237.78,244.56580976059166,"Price - 0 = 245.760 (0.956); likes_avg - 0 = 84.367 (0.229); BlockReward - 0 = 0.131 (0.064)","count - 0 = 452 (-0.057); retweets_avg - 0 = 142.190 (-0.055); AvgGasPrice - 0 = 0.004 (-0.048)"
237.78,0.466914734,0.9744418229999999,0.006888634,0.003934254,0.612409677,0.0621,0.128522988,477.0,95.65199161425578,400.9433962264151,0.13995953878406708,3/7/20 12:00 AM,199.68,236.28844795288555,"Price - 0 = 237.780 (0.956); likes_avg - 0 = 95.652 (0.229); BlockReward - 0 = 0.129 (0.064)","count - 0 = 477 (-0.057); retweets_avg - 0 = 400.943 (-0.055); AvgGasPrice - 0 = 0.004 (-0.048)"
199.68,0.49032709700000005,0.9753915809999999,0.006314581,0.006123423,0.6281263029999999,0.115,0.130277934,465.0,57.972043010752685,208.33118279569888,0.13934602150537634,3/8/20 12:00 AM,203.08,197.0198662579029,"Price - 0 = 199.680 (0.956); likes_avg - 0 = 57.972 (0.229); BlockReward - 0 = 0.130 (0.064)","count - 0 = 465 (-0.057); retweets_avg - 0 = 208.331 (-0.055); AvgGasPrice - 0 = 0.006 (-0.048)"
203.08,0.580437963,0.976413634,0.018943743,0.007379636,0.614332177,0.127,0.12236996300000001,640.0,80.059375,412.3859375,0.10500390625,3/9/20 12:00 AM,200.62,200.3983565262846,"Price - 0 = 203.080 (0.956); likes_avg - 0 = 80.059 (0.229); BlockReward - 0 = 0.122 (0.064)","count - 0 = 640 (-0.057); retweets_avg - 0 = 412.386 (-0.055); AvgGasPrice - 0 = 0.007 (-0.048)"
200.62,0.563014206,0.977489567,0.011481056000000002,0.004513157,0.61576499,0.0794,0.127758622,543.0,90.02762430939227,782.1362799263353,0.16008876611418052,3/10/20 12:00 AM,194.86,198.60042783697614,"Price - 0 = 200.620 (0.956); likes_avg - 0 = 90.028 (0.229); BlockReward - 0 = 0.128 (0.064)","count - 0 = 543 (-0.057); retweets_avg - 0 = 782.136 (-0.055); AvgGasPrice - 0 = 0.005 (-0.048)"
194.86,0.52777442,0.978597418,0.008610791999999999,0.005967821,0.606400435,0.0993,0.128627761,632.0,72.94303797468355,485.1803797468354,0.09325648734177214,3/11/20 12:00 AM,109.78,191.9107229551242,"Price - 0 = 194.860 (0.956); likes_avg - 0 = 72.943 (0.229); BlockReward - 0 = 0.129 (0.064)","count - 0 = 632 (-0.057); retweets_avg - 0 = 485.180 (-0.055); AvgGasPrice - 0 = 0.006 (-0.048)"
109.78,0.563157321,0.97932814,0.013777268,0.075710629,0.614562234,0.872,0.126739468,821.0,96.44701583434835,1090.6065773447017,0.1095395858708891,3/12/20 12:00 AM,135.44,115.04341349050712,"Price - 0 = 109.780 (0.956); likes_avg - 0 = 96.447 (0.229); BlockReward - 0 = 0.127 (0.064)","count - 0 = 821 (-0.057); retweets_avg - 0 = 1090.607 (-0.055); AvgGasPrice - 0 = 0.076 (-0.048)"
135.44,0.627793626,0.980481924,0.024110218,0.083067508,0.593118339,0.836,0.11871719900000001,908.0,85.99449339207048,1718.613436123348,0.08625638766519825,3/13/20 12:00 AM,122.58,139.69759869448234,"Price - 0 = 135.440 (0.956); likes_avg - 0 = 85.994 (0.229); BlockReward - 0 = 0.119 (0.064)","count - 0 = 908 (-0.057); retweets_avg - 0 = 1718.613 (-0.055); AvgGasPrice - 0 = 0.083 (-0.048)"
122.58,0.504612695,0.98285514,0.011481056000000002,0.010020675,0.583517789,0.0991,0.12592509699999999,488.0,130.34426229508196,1703.0389344262296,0.09436803278688524,3/14/20 12:00 AM,123.53,122.59880600905844,"Price - 0 = 122.580 (0.956); likes_avg - 0 = 130.344 (0.229); BlockReward - 0 = 0.126 (0.064)","count - 0 = 488 (-0.057); retweets_avg - 0 = 1703.039 (-0.055); AvgGasPrice - 0 = 0.010 (-0.048)"
123.53,0.486684696,0.985223978,0.009184845,0.007556072,0.587757897,0.0884,0.12800388599999998,779.0,108.2785622593068,936.3697047496789,0.07818125802310655,3/15/20 12:00 AM,111.32,121.10500695732857,"Price - 0 = 123.530 (0.956); likes_avg - 0 = 108.279 (0.229); BlockReward - 0 = 0.128 (0.064)","count - 0 = 779 (-0.057); retweets_avg - 0 = 936.370 (-0.055); AvgGasPrice - 0 = 0.008 (-0.048)"
111.32,0.580444637,0.9870989440000001,0.012629162,0.024020922000000004,0.590921648,0.248,0.125717932,669.0,169.31390134529147,1200.1748878923768,0.11074289985052316,3/16/20 12:00 AM,116.3,113.1762077079339,"Price - 0 = 111.320 (0.956); likes_avg - 0 = 169.314 (0.229); BlockReward - 0 = 0.126 (0.064)","count - 0 = 669 (-0.057); retweets_avg - 0 = 1200.175 (-0.055); AvgGasPrice - 0 = 0.024 (-0.048)"
116.3,0.564876932,0.9890641179999999,0.009758898,0.012240093999999998,0.5744015929999999,0.129,0.12789197,881.0,74.81611804767309,251.77525539160047,0.1340320090805903,3/17/20 12:00 AM,118.62,113.50861165427146,"Price - 0 = 116.300 (0.956); likes_avg - 0 = 74.816 (0.229); BlockReward - 0 = 0.128 (0.064)","count - 0 = 881 (-0.057); retweets_avg - 0 = 251.775 (-0.055); AvgGasPrice - 0 = 0.012 (-0.048)"
118.62,0.568834484,0.990713347,0.007462687,0.008996409,0.589113194,0.10400000000000001,0.12965167800000002,844.0,129.22393364928908,787.8258293838862,0.09805284360189576,3/18/20 12:00 AM,136.7,116.7492023180347,"Price - 0 = 118.620 (0.956); likes_avg - 0 = 129.224 (0.229); BlockReward - 0 = 0.130 (0.064)","count - 0 = 844 (-0.057); retweets_avg - 0 = 787.826 (-0.055); AvgGasPrice - 0 = 0.009 (-0.048)"
136.7,0.639710032,0.99183136,0.012055109,0.011800836,0.5909024860000001,0.151,0.128739677,715.0,165.55664335664338,1270.6125874125873,0.12941104895104893,3/19/20 12:00 AM,133.4,137.3793953256341,"Price - 0 = 136.700 (0.956); likes_avg - 0 = 165.557 (0.229); BlockReward - 0 = 0.129 (0.064)","count - 0 = 715 (-0.057); retweets_avg - 0 = 1270.613 (-0.055); AvgGasPrice - 0 = 0.012 (-0.048)"
133.4,0.608670279,0.993621685,0.019517796,0.009696389,0.5880647760000001,0.12300000000000001,0.125917953,751.0,79.74300932090546,1250.1225033288947,0.14323728362183755,3/20/20 12:00 AM,132.72,131.01622304584694,"Price - 0 = 133.400 (0.956); likes_avg - 0 = 79.743 (0.229); BlockReward - 0 = 0.126 (0.064)","count - 0 = 751 (-0.057); retweets_avg - 0 = 1250.123 (-0.055); AvgGasPrice - 0 = 0.010 (-0.048)"
132.72,0.634879698,0.9958246479999999,0.013777268,0.0054640059999999996,0.608523272,0.0874,0.132680567,781.0,117.14468629961588,1083.9001280409732,0.10709871959026886,3/21/20 12:00 AM,122.44,130.0800872255424,"Price - 0 = 132.720 (0.956); likes_avg - 0 = 117.145 (0.229); BlockReward - 0 = 0.133 (0.064)","count - 0 = 781 (-0.057); retweets_avg - 0 = 1083.900 (-0.055); AvgGasPrice - 0 = 0.005 (-0.048)"
122.44,0.552341348,0.997188037,0.036165327000000004,0.006029935,0.578340275,0.0845,0.122077075,743.0,66.36204576043069,513.5639300134591,0.0465764468371467,3/22/20 12:00 AM,136.74,118.8727882307735,"Price - 0 = 122.440 (0.956); likes_avg - 0 = 66.362 (0.229); BlockReward - 0 = 0.122 (0.064)","count - 0 = 743 (-0.057); retweets_avg - 0 = 513.564 (-0.055); AvgGasPrice - 0 = 0.006 (-0.048)"
136.74,0.5931574470000001,0.9988196579999999,0.011481056000000002,0.007663789,0.591896764,0.0999,0.134314071,735.0,107.6095238095238,342.5795918367347,0.07772598639455781,3/23/20 12:00 AM,136.77,134.59936021486197,"Price - 0 = 136.740 (0.956); likes_avg - 0 = 107.610 (0.229); BlockReward - 0 = 0.134 (0.064)","count - 0 = 735 (-0.057); retweets_avg - 0 = 342.580 (-0.055); AvgGasPrice - 0 = 0.008 (-0.048)"
